Workbook

Sheet Input
B1: This template has been designed to be used for a DCP Centrif Pump with a single input stream and single output stream.
B2: User Model Input Template
B3: DCP CENTRIF
B4: Item Information | C4: Value | D4: Units
B5: Equipment Name
B6: CpDesignGaugePressure | D6: PSIG
B7: CpDesignTemperature | D7: DEG F
B8: CpFluidSpecificGravity
B9: CpItemDescription
B10: CpLiquidFlowrate | D10: CFH
B11: CpPumpEfficiencyPercent
B12: PUMP FRACTIONAL EFFICIENCY
B13: Capacity Overdesign Factor
B40: Connection Stream Information | C40: Value | D40: Units | E40: Value | F40: Units
B41: Stream Name
B42: Stream Direction
B43: Base Stream
B44: Description
B45: Liquid Conductivity
B46: Liquid Mass Density
B47: Liquid Mass Flow
B48: Liquid Specific Heat Capacity
B49: Liquid Viscosity
B50: Molecular Weight
B51: Pressure
B52: Primary Fluid Component
... B62: Vapor Viscosity
B69: Material and Manhour Adjustment Information | C69: Value
B70: CpCivilLaborAdjustmentPercent
B71: CpCivilMaterialAdjustmentPercent
B72: CpElectricalLaborAdjustmentPercent
B73: CpElectricalMaterialAdjustmentPct
B99: Pipe Bulk Item Detail Information | C99: Value
B100: Line Name
B101: CpETraceMaintenanceTemperature
B102: CpPipeDesignTemperature

Sheet Custom Rules
B2: Project Component
K3: Stream Name | N3: =IF(Input!K2="","",Input!K2) | Q3: Material and Manhour Adjustment Information
K4: Temperature | N4: =IF(Input!E56="","",Input!E56) | O4: =IF(Input!F56="","",Input!F56) | Q4: CpCivilLaborAdjustmentPercent | R4: =Input!C70 -> 0
K5: Pressure | N5: =IF(Input!E51="","",Input!E51) | O5: =IF(Input!F51="","",Input!F51) | Q5: CpCivilMaterialAdjustmentPercent | R5: =Input!C71 -> 0
C6: Stream Name | F6: =IF(Input!C41="","",Input!C41) | K6: Total Mass Flow | N6: =IF(Input!E57="","",Input!E57) | O6: =IF(Input!F57="","",Input!F57) | Q6: CpElectricalLaborAdjustmentPercent | R6: =Input!C72 -> 0
C7: Temperature | F7: =IF(Input!C56="","",Input!C56) | G7: =IF(Input!D56="","",Input!D56) | K7: Liquid Density | N7: =IF(Input!E46="","",Input!E46) | O7: =IF(Input!F46="","",Input!F46) | Q7: CpElectricalMaterialAdjustmentPct | R7: =Input!C73 -> 0
C8: Pressure | F8: =IF(Input!C51="","",Input!C51) | G8: =IF(Input!D51="","",Input!D51)
C9: Total Mass Flow | F9: =IF(Input!C57="","",Input!C57) | G9: =IF(Input!D57="","",Input!D57)
C10: Liquid Density | F10: =IF(Input!C46="","",Input!C46) | G10: =IF(Input!D46="","",Input!D46) | Q10: Pipe Bulk Item Detail Information
Q11: Line Name | R11: =Input!C100 -> 0
K12: Component Name | N12: =IF(Input!C5="","",Input!C5) | Q12: CpETraceMaintenanceTemperature | R12: =Input!C101 -> 0
K13: Design Guage Pressure | N13: =IF(Input!C6="","",Input!C6) | O13: =IF(Input!D6="","",Input!D6) -> PSIG | Q13: CpPipeDesignTemperature | R13: =Input!C102 -> 0
K14: Design Temperature | N14: =IF(Input!C7="","",Input!C7) | O14: =IF(Input!D7="","",Input!D7) -> DEG F
K15: Liquid Flow Rate | N15: =IF(Input!C10="","",Input!C10) | O15: =IF(Input!D10="","",Input!D10) -> CFH
K16: Pump Overdesign Factor | N16: =IF(Input!C13="",1,Input!C13) -> 1
B23: CUSTOMIZED Project Component
B25: Custom Rules | K25: Stream Name | N25: =N3 | Q25: Material and Manhour Adjustment Information
B26: Tcustom = Ticarus(high) +50 | K26: Temperature | N26: =N4 | O26: =O4 | Q26: CpCivilLaborAdjustmentPercent | R26: =R4+4 -> 4
B27: Pcustom = Picarus(high) * 1.1 | K27: Pressure | N27: =N5 | O27: =O5 | Q27: CpCivilMaterialAdjustmentPercent | R27: =R5+4 -> 4
B28: (Overdesign Factor)custom = 1.4 * (Overdesign Factor)Icarus | K28: Total Mass Flow | N28: =N6 | O28: =O6 | Q28: CpElectricalLaborAdjustmentPercent | R28: =R6+4 -> 4
B29: Bulk Adjustments | K29: Liquid Density | N29: =N7 | O29: =O7 | Q29: CpElectricalMaterialAdjustmentPct | R29: =R7+4 -> 4
B30: Material and Manhour Adjustment Information: Add 4% to Icarus adjustments values
B31: Pipe Bulk Item Detail Information: Add 50 degrees to Icarus temperature values
Q32: Pipe Bulk Item Detail Information
C33: Stream Name | F33: =F6 | Q33: Line Name | R33: =R11 -> 0
C34: Temperature | F34: =F7 | G34: =G7 | Q34: CpETraceMaintenanceTemperature | R34: =R12+50 -> 50
C35: Pressure | F35: =F8 | G35: =G8 | K35: Component Name | N35: =N12 | Q35: CpPipeDesignTemperature | R35: =R13+50 -> 50
C36: Total Mass Flow | F36: =F9 | G36: =G9 | K36: Design Guage Pressure | N36: =IF(F35>N27,F35*1.1,N27*1.1) -> #VALUE! | O36: =O13 -> PSIG
C37: Liquid Density | F37: =F10 | G37: =G10 | K37: Design Temperature | N37: =IF(F34>N26,F34+50,N26+50) -> #VALUE! | O37: =O14 -> DEG F
K38: Liquid Flow Rate | N38: =F9/F10*N16*7.480518/60 -> #VALUE! | O38: =O15 -> CFH
K39: Pump Overdesign Factor | N39: =N16 -> 1

Sheet Output
B2: User Model Output Template
B3: DCP CENTRIF
B4: Item Information | C4: Value | D4: Units
B5: Equipment Name | C5: =IF(Input!C5="","",Input!C5) | D5: =IF(Input!D5="","",Input!D5)
B6: CpDesignGaugePressure | C6: ='Custom Rules'!N36 -> #VALUE! | D6: PSIG
B7: CpDesignTemperature | C7: ='Custom Rules'!N37 -> #VALUE! | D7: DEG F
B8: CpFluidSpecificGravity | C8: =IF(Input!C8="","",Input!C8) | D8: =IF(Input!D8="","",Input!D8)
B9: CpItemDescription | C9: =IF(Input!C9="","",Input!C9) | D9: =IF(Input!D9="","",Input!D9)
B10: CpLiquidFlowrate | C10: ='Custom Rules'!N38 -> #VALUE! | D10: CFH
B11: CpPumpEfficiencyPercent
B12: PUMP FRACTIONAL EFFICIENCY
B13: Capacity overdesign factor | C13: ='Custom Rules'!N39 -> 1
B40: Connection Stream Information | C40: Value | D40: Units | E40: Value | F40: Units
B41: Stream Name | C41: =IF(Input!C41="","",Input!C41) | D41: =IF(Input!D41="","",Input!D41) | E41: =IF(Input!E41="","",Input!E41) | F41: =IF(Input!F41="","",Input!F41)
B42: Stream Direction | C42: =IF(Input!C42="","",Input!C42) | D42: =IF(Input!D42="","",Input!D42) | E42: =IF(Input!E42="","",Input!E42) | F42: =IF(Input!F42="","",Input!F42)
B43: Base Stream | C43: =IF(Input!C43="","",Input!C43) | D43: =IF(Input!D43="","",Input!D43) | E43: =IF(Input!E43="","",Input!E43) | F43: =IF(Input!F43="","",Input!F43)
B44: Description | C44: =IF(Input!C44="","",Input!C44) | D44: =IF(Input!D44="","",Input!D44) | E44: =IF(Input!E44="","",Input!E44) | F44: =IF(Input!F44="","",Input!F44)
B45: Liquid Conductivity | C45: =IF(Input!C45="","",Input!C45) | D45: =IF(Input!D45="","",Input!D45) | E45: =IF(Input!E45="","",Input!E45) | F45: =IF(Input!F45="","",Input!F45)
B46: Liquid Mass Density | C46: =IF(Input!C46="","",Input!C46) | D46: =IF(Input!D46="","",Input!D46) | E46: =IF(Input!E46="","",Input!E46) | F46: =IF(Input!F46="","",Input!F46)
B47: Liquid Mass Flow | C47: =IF(Input!C47="","",Input!C47) | D47: =IF(Input!D47="","",Input!D47) | E47: =IF(Input!E47="","",Input!E47) | F47: =IF(Input!F47="","",Input!F47)
B48: Liquid Specific Heat Capacity | C48: =IF(Input!C48="","",Input!C48) | D48: =IF(Input!D48="","",Input!D48) | E48: =IF(Input!E48="","",Input!E48) | F48: =IF(Input!F48="","",Input!F48)
B49: Liquid Viscosity | C49: =IF(Input!C49="","",Input!C49) | D49: =IF(Input!D49="","",Input!D49) | E49: =IF(Input!E49="","",Input!E49) | F49: =IF(Input!F49="","",Input!F49)
B50: Molecular Weight | C50: =IF(Input!C50="","",Input!C50) | D50: =IF(Input!D50="","",Input!D50) | E50: =IF(Input!E50="","",Input!E50) | F50: =IF(Input!F50="","",Input!F50)
B51: Pressure | C51: =IF(Input!C51="","",Input!C51) | D51: =IF(Input!D51="","",Input!D51) | E51: =IF(Input!E51="","",Input!E51) | F51: =IF(Input!F51="","",Input!F51)
B52: Primary Fluid Component | C52: =IF(Input!C52="","",Input!C52) | D52: =IF(Input!D52="","",Input!D52) | E52: =IF(Input!E52="","",Input!E52) | F52: =IF(Input!F52="","",Input!F52)
... B62: Vapor Viscosity | C62: =IF(Input!C62="","",Input!C62) | D62: =IF(Input!D62="","",Input!D62) | E62: =IF(Input!E62="","",Input!E62) | F62: =IF(Input!F62="","",Input!F62)
B69: Material and Manhour Adjustment Information | C69: Value
B70: CpCivilLaborAdjustmentPercent | C70: ='Custom Rules'!R26 -> 4
B71: CpCivilMaterialAdjustmentPercent | C71: ='Custom Rules'!R27 -> 4
B72: CpElectricalLaborAdjustmentPercent | C72: ='Custom Rules'!R28 -> 4
B73: CpElectricalMaterialAdjustmentPct | C73: ='Custom Rules'!R29 -> 4
B99: Pipe Bulk Item Detail Information | C99: Value
B100: Line Name | C100: ='Custom Rules'!R33 -> 0
B101: CpETraceMaintenanceTemperature | C101: ='Custom Rules'!R34 -> 50
B102: CpPipeDesignTemperature | C102: ='Custom Rules'!R35 -> 50
