Workbook

Sheet Input
B1: This template has been designed to be used for a Static Mixer with three input stream and single output stream.
B2: User Model Input Template
B3: STATIC MIXER
B4: Item Information | C4: Value | D4: Units
B5: Equipment Name
B6: CpLiquidFlowrate
B40: Connection Stream Information | C40: Value | D40: Units | E40: Value | F40: Units | G40: Value | H40: Units | I40: Value | J40: Units
B41: Stream Name
B42: Stream Direction
B43: Liquid Conductivity
B44: Liquid Mass Density
B45: Liquid Mass Flow
B46: Liquid Specific Heat Capacity
B47: Liquid Viscosity
B48: Molecular Weight
B49: Pressure
B50: Surface Tension
B51: Temperature
B52: Total Mass Flow
... B57: Vapor Viscosity

Sheet Custom Rules
B3: CUSTOMIZED Project Component
E6: Stream Name | H6: =Input!C41 -> 0
E7: Temperature | H7: =IF(Input!C51="","",Input!C51) | I7: =IF(Input!D51="","",Input!D51)
E8: Pressure | H8: =IF(Input!C49="","",Input!C49) | I8: =IF(Input!D49="","",Input!D49)
E9: Total Mass Flow | H9: =IF(Input!C52="","",Input!C52) | I9: =IF(Input!D52="","",Input!D52)
E10: Liquid Density | H10: =IF(Input!C44="","",Input!C44) | I10: =IF(Input!D44="","",Input!D44)
C18: Stream Name | F18: =Input!E41 -> 0 | K18: Stream Name | N18: =Input!I41 -> 0
C19: Temperature | F19: =IF(Input!E51="","",Input!E51) | G19: =IF(Input!F51="","",Input!F51) | K19: Temperature | N19: =(H7+F19+H30)/3 -> #VALUE! | O19: =G19
C20: Pressure | F20: =IF(Input!E49="","",Input!E49) | G20: =IF(Input!F49="","",Input!F49) | K20: Pressure | N20: =(H8+F20+H31)/3 -> #VALUE! | O20: =G20
C21: Total Mass Flow | F21: =IF(Input!E52="","",Input!E52) | G21: =IF(Input!F52="","",Input!F52) | K21: Total Mass Flow | N21: =H9+F21+H32 -> #VALUE! | O21: =G21
C22: Liquid Density | F22: =IF(Input!E44="","",Input!E44) | G22: =IF(Input!F44="","",Input!F44) | K22: Liquid Density | N22: =H33 | O22: =G22
E29: Stream Name | H29: =Input!G41 -> 0
E30: Temperature | H30: =IF(Input!G51="","",Input!G51) | I30: =IF(Input!H51="","",Input!H51)
E31: Pressure | H31: =IF(Input!G49="","",Input!G49) | I31: =IF(Input!H49="","",Input!H49)
E32: Total Mass Flow | H32: =IF(Input!G52="","",Input!G52) | I32: =IF(Input!H52="","",Input!H52) | K32: Custom Rules
E33: Liquid Density | H33: =IF(Input!G44="","",Input!G44) | I33: =IF(Input!H44="","",Input!H44) | K33: (Total Mass Flow)Out = (Total Mass Flow)Summation - All Inputs
K34: TemperatureOut = TemperatureAvg
K35: PressureOut = PressureAvg
I39: STATIC MIXER
I40: Item Information | J40: Value | K40: Units
I41: Equipment Name | J41: =IF(Input!C5="","",Input!C5) | K41: =IF(Input!D5="","",Input!D5)
I42: CpLiquidFlowrate | J42: =IF(Input!C6="","",Input!C6) | K42: =IF(Input!D6="","",Input!D6)

Sheet Output
B2: User Model Output Template
B3: STATIC MIXER
B4: Item Information | C4: Value | D4: Units
B5: Equipment Name | C5: ='Custom Rules'!J41 | D5: ='Custom Rules'!K41
B6: CpLiquidFlowrate | C6: ='Custom Rules'!J42 | D6: ='Custom Rules'!K42
B40: Connection Stream Information | C40: Value | D40: Units | E40: Value | F40: Units | G40: Value | H40: Units | I40: Value | J40: Units
B41: Stream Name | C41: =IF(Input!C41="","",Input!C41) | D41: =IF(Input!D41="","",Input!D41) | E41: =IF(Input!E41="","",Input!E41) | F41: =IF(Input!F41="","",Input!F41) | G41: =IF(Input!G41="","",Input!G41) | H41: =IF(Input!H41="","",Input!H41) | I41: =IF(Input!I41="","",Input!I41) | J41: =IF(Input!J41="","",Input!J41)
B42: Stream Direction | C42: =IF(Input!C42="","",Input!C42) | D42: =IF(Input!D42="","",Input!D42) | E42: =IF(Input!E42="","",Input!E42) | F42: =IF(Input!F42="","",Input!F42) | G42: =IF(Input!G42="","",Input!G42) | H42: =IF(Input!H42="","",Input!H42) | I42: =IF(Input!I42="","",Input!I42) | J42: =IF(Input!J42="","",Input!J42)
B43: Liquid Conductivity | C43: =IF(Input!C43="","",Input!C43) | D43: =IF(Input!D43="","",Input!D43) | E43: =IF(Input!E43="","",Input!E43) | F43: =IF(Input!F43="","",Input!F43) | G43: =IF(Input!G43="","",Input!G43) | H43: =IF(Input!H43="","",Input!H43) | I43: =IF(Input!I43="","",Input!I43) | J43: =IF(Input!J43="","",Input!J43)
B44: Liquid Mass Density | C44: =IF(Input!C44="","",Input!C44) | D44: =IF(Input!D44="","",Input!D44) | E44: =IF(Input!E44="","",Input!E44) | F44: =IF(Input!F44="","",Input!F44) | G44: =IF(Input!G44="","",Input!G44) | H44: =IF(Input!H44="","",Input!H44) | I44: ='Custom Rules'!N22 | J44: ='Custom Rules'!O22
B45: Liquid Mass Flow | C45: =IF(Input!C45="","",Input!C45) | D45: =IF(Input!D45="","",Input!D45) | E45: =IF(Input!E45="","",Input!E45) | F45: =IF(Input!F45="","",Input!F45) | G45: =IF(Input!G45="","",Input!G45) | H45: =IF(Input!H45="","",Input!H45) | I45: =IF(Input!I45="","",Input!I45) | J45: =IF(Input!J45="","",Input!J45)
B46: Liquid Specific Heat Capacity | C46: =IF(Input!C46="","",Input!C46) | D46: =IF(Input!D46="","",Input!D46) | E46: =IF(Input!E46="","",Input!E46) | F46: =IF(Input!F46="","",Input!F46) | G46: =IF(Input!G46="","",Input!G46) | H46: =IF(Input!H46="","",Input!H46) | I46: =IF(Input!I46="","",Input!I46) | J46: =IF(Input!J46="","",Input!J46)
B47: Liquid Viscosity | C47: =IF(Input!C47="","",Input!C47) | D47: =IF(Input!D47="","",Input!D47) | E47: =IF(Input!E47="","",Input!E47) | F47: =IF(Input!F47="","",Input!F47) | G47: =IF(Input!G47="","",Input!G47) | H47: =IF(Input!H47="","",Input!H47) | I47: =IF(Input!I47="","",Input!I47) | J47: =IF(Input!J47="","",Input!J47)
B48: Molecular Weight | C48: =IF(Input!C48="","",Input!C48) | D48: =IF(Input!D48="","",Input!D48) | E48: =IF(Input!E48="","",Input!E48) | F48: =IF(Input!F48="","",Input!F48) | G48: =IF(Input!G48="","",Input!G48) | H48: =IF(Input!H48="","",Input!H48) | I48: =IF(Input!I48="","",Input!I48) | J48: =IF(Input!J48="","",Input!J48)
B49: Pressure | C49: =IF(Input!C49="","",Input!C49) | D49: =IF(Input!D49="","",Input!D49) | E49: =IF(Input!E49="","",Input!E49) | F49: =IF(Input!F49="","",Input!F49) | G49: =IF(Input!G49="","",Input!G49) | H49: =IF(Input!H49="","",Input!H49) | I49: ='Custom Rules'!N20 -> #VALUE! | J49: ='Custom Rules'!O20
B50: Surface Tension | C50: =IF(Input!C50="","",Input!C50) | D50: =IF(Input!D50="","",Input!D50) | E50: =IF(Input!E50="","",Input!E50) | F50: =IF(Input!F50="","",Input!F50) | G50: =IF(Input!G50="","",Input!G50) | H50: =IF(Input!H50="","",Input!H50) | I50: =IF(Input!I50="","",Input!I50) | J50: =IF(Input!J50="","",Input!J50)
B51: Temperature | C51: =IF(Input!C51="","",Input!C51) | D51: =IF(Input!D51="","",Input!D51) | E51: =IF(Input!E51="","",Input!E51) | F51: =IF(Input!F51="","",Input!F51) | G51: =IF(Input!G51="","",Input!G51) | H51: =IF(Input!H51="","",Input!H51) | I51: ='Custom Rules'!N19 -> #VALUE! | J51: ='Custom Rules'!O19
B52: Total Mass Flow | C52: =IF(Input!C52="","",Input!C52) | D52: =IF(Input!D52="","",Input!D52) | E52: =IF(Input!E52="","",Input!E52) | F52: =IF(Input!F52="","",Input!F52) | G52: =IF(Input!G52="","",Input!G52) | H52: =IF(Input!H52="","",Input!H52) | I52: ='Custom Rules'!N21 -> #VALUE! | J52: ='Custom Rules'!O21
B53: Vapor Conductivity | C53: =IF(Input!C53="","",Input!C53) | D53: =IF(Input!D53="","",Input!D53) | E53: =IF(Input!E53="","",Input!E53) | F53: =IF(Input!F53="","",Input!F53) | G53: =IF(Input!G53="","",Input!G53) | H53: =IF(Input!H53="","",Input!H53) | I53: =IF(Input!I53="","",Input!I53) | J53: =IF(Input!J53="","",Input!J53)
B54: Vapor Mass Density | C54: =IF(Input!C54="","",Input!C54) | D54: =IF(Input!D54="","",Input!D54) | E54: =IF(Input!E54="","",Input!E54) | F54: =IF(Input!F54="","",Input!F54) | G54: =IF(Input!G54="","",Input!G54) | H54: =IF(Input!H54="","",Input!H54) | I54: =IF(Input!I54="","",Input!I54) | J54: =IF(Input!J54="","",Input!J54)
B55: Vapor Mass Flow | C55: =IF(Input!C55="","",Input!C55) | D55: =IF(Input!D55="","",Input!D55) | E55: =IF(Input!E55="","",Input!E55) | F55: =IF(Input!F55="","",Input!F55) | G55: =IF(Input!G55="","",Input!G55) | H55: =IF(Input!H55="","",Input!H55) | I55: =IF(Input!I55="","",Input!I55) | J55: =IF(Input!J55="","",Input!J55)
B56: Vapor Specific Heat Capacity | C56: =IF(Input!C56="","",Input!C56) | D56: =IF(Input!D56="","",Input!D56) | E56: =IF(Input!E56="","",Input!E56) | F56: =IF(Input!F56="","",Input!F56) | G56: =IF(Input!G56="","",Input!G56) | H56: =IF(Input!H56="","",Input!H56) | I56: =IF(Input!I56="","",Input!I56) | J56: =IF(Input!J56="","",Input!J56)
B57: Vapor Viscosity | C57: =IF(Input!C57="","",Input!C57) | D57: =IF(Input!D57="","",Input!D57) | E57: =IF(Input!E57="","",Input!E57) | F57: =IF(Input!F57="","",Input!F57) | G57: =IF(Input!G57="","",Input!G57) | H57: =IF(Input!H57="","",Input!H57) | I57: =IF(Input!I57="","",Input!I57) | J57: =IF(Input!J57="","",Input!J57)
