Workbook
Name CostperVol: 'Custom Rules'!$E$17
Name ExchVolume: 'Custom Rules'!$E$11
Name LaborHrsperVol: 'Custom Rules'!$E$13
Name RANGE: 'Custom Rules'!$D$26:$G$35

Sheet Input
B1: User Model Input Template
B3: Project Component Type
B4: Item Information | C4: Value | D4: Units
B5: Equipment Name
B6: CpRemarks2
B7: CpExchangerVolume | D7: M3
B8: CpItemClassification
B9: CpCodeOfAccount
B10: CpExchangerLength
B11: CpExchangerWidth
B12: CpExchangerDepth
B13: CpLaborHoursPerUnit
B14: CpMaterialCostPerUnit
B40: Connection Stream Information | C40: Value | D40: Units
B41: Stream Name
B42: Stream Direction
B43: <ICARUS SLOT NAME>
B69: Material and Manhour Adjustment Information | C69: Value
B70: <ICARUS SLOT NAME>
B99: Pipe Bulk Item Detail Information | C99: Value
B100: Line Name
B101: <ICARUS SLOT NAME>

Sheet Custom Rules
C3: This custom model, calculates the cost for a multi-stream heat exchanger based on its volume. The Volume vs Cost Data provided below should be modified by the user based on actual pricing data they may have. The data used below has been updated for the V7.3 EE release and reflects industry pricing trends vs. exchanger volume and is provided only as an example. Fields that the user must modify are highlighted in blue. To make changes to this worksheet, unprotect this sheet through Tools>>Protection>>Unprotect Sheet.
C7: Results
C9: =I25 -> Code of Account | E9: =IF(OR(Input!C9="",Input!C9="?"),J25,Input!C9) -> 266
C11: Exchanger Volume | E11: =IF(Input!C7="","",Input!C7) | F11: =Input!D7 -> M3
C13: =G24 -> MSHE Labor hours per unit volume | E13: =IF(ExchVolume="","",VLOOKUP(ExchVolume,RANGE,4,TRUE))
C14: Labor hours per unit | E14: =IF(OR(ExchVolume="", LaborHrsperVol=""), "",ROUND(ExchVolume*LaborHrsperVol,2))
C17: =F24 -> MSHE Material Cost per unit volume | E17: =IF(ExchVolume="","",VLOOKUP(ExchVolume,RANGE,3,TRUE))
C18: Material cost per unit | E18: =IF(OR(ExchVolume="", CostperVol=""), "",ROUND(ExchVolume*CostperVol,2))
C21: Volume vs Cost Data
D23: Volume Units | E23: =IF(Input!D7="","",Input!D7) -> M3
C24: Range | D24: V1<= Volume < V2 | F24: MSHE Material Cost per unit volume | G24: MSHE Labor hours per unit volume
D25: V1 | E25: V2 | I25: Code of Account | J25: 266
C26: 1 | D26: 0 | E26: =D27 -> 0.6 | F26: 54390 | G26: 71
C27: =C26+1 -> 2 | D27: 0.6 | E27: =IF(AND(D27>0, D28>0), D28,IF(D27>0, "and above","")) -> 1.1 | F27: 57040 | G27: 53
C28: =C27+1 -> 3 | D28: 1.1 | E28: =IF(AND(D28>0, D29>0), D29,IF(D28>0, "and above","")) -> 2.3 | F28: 43440 | G28: 36
C29: =C28+1 -> 4 | D29: 2.3 | E29: =IF(AND(D29>0, D30>0), D30,IF(D29>0, "and above","")) -> 9.1 | F29: 27160 | G29: 14
C30: =C29+1 -> 5 | D30: 9.1 | E30: =IF(AND(D30>0, D31>0), D31,IF(D30>0, "and above","")) -> 18.1 | F30: 25460 | G30: 12
C31: =C30+1 -> 6 | D31: 18.1 | E31: =IF(AND(D31>0, D32>0), D32,IF(D31>0, "and above","")) -> and above | F31: 25460 | G31: 12
E32: =IF(AND(D32>0, D33>0), D33,IF(D32>0, "and above",""))
E33: =IF(AND(D33>0, D34>0), D34,IF(D33>0, "and above",""))

Sheet Output
B1: User Model Output Template
B3: Project Component Type
B4: Item Information | C4: Value | D4: Units
B5: =Input!B5 -> Equipment Name | C5: =IF(Input!C5="","",Input!C5) | D5: =IF(Input!D5="","",Input!D5)
B6: =Input!B6 -> CpRemarks2 | C6: =IF(Input!C6="","",Input!C6) | D6: =IF(Input!D6="","",Input!D6)
B7: =Input!B7 -> CpExchangerVolume | C7: =IF(Input!C7="","",Input!C7) | D7: =IF(Input!D7="","",Input!D7) -> M3
B8: =Input!B8 -> CpItemClassification | C8: =IF(Input!C8="","",Input!C8) | D8: =IF(Input!D8="","",Input!D8)
B9: =Input!B9 -> CpCodeOfAccount | C9: ='Custom Rules'!E9 -> 266 | D9: =IF(Input!D9="","",Input!D9)
B10: =Input!B10 -> CpExchangerLength | C10: =IF(Input!C10="","",Input!C10) | D10: =IF(Input!D10="","",Input!D10)
B11: =Input!B11 -> CpExchangerWidth | C11: =IF(Input!C11="","",Input!C11) | D11: =IF(Input!D11="","",Input!D11)
B12: =Input!B12 -> CpExchangerDepth | C12: =IF(Input!C12="","",Input!C12) | D12: =IF(Input!D12="","",Input!D12)
B13: =Input!B13 -> CpLaborHoursPerUnit | C13: =IF(Input!C13="",'Custom Rules'!E14,Input!C13) | D13: =IF(Input!D13="","",Input!D13)
B14: =Input!B14 -> CpMaterialCostPerUnit | C14: =IF(OR(Input!C14="",Input!C14="?"),'Custom Rules'!E18,Input!C14) | D14: =IF(Input!D14="","",Input!D14)
B40: Connection Stream Information | C40: Value | D40: Units
B41: Stream Name | C41: =IF(Input!C41="","",Input!C41) | D41: =IF(Input!D41="","",Input!D41)
B42: Stream Direction | C42: =IF(Input!C42="","",Input!C42) | D42: =IF(Input!D42="","",Input!D42)
B43: <ICARUS SLOT NAME> | C43: =IF(Input!C43="","",Input!C43) | D43: =IF(Input!D43="","",Input!D43)
B69: Material and Manhour Adjustment Information | C69: Value
B70: <ICARUS SLOT NAME> | C70: =IF(Input!C35="","",Input!C35)
B99: Pipe Bulk Item Detail Information | C99: Value
B100: Line Name
B101: <ICARUS SLOT NAME>

Sheet SampleCostData
C8: Active Volumes (m3) | D8: 0.03 | E8: 0.1 | F8: 0.3 | G8: 1 | H8: 3 | I8: 10
C9: Real volumes (m3) | D9: =D8/0.7 -> 0.042857143 | E9: =E8/0.7 -> 0.14285714 | F9: =F8/0.7 -> 0.42857143 | G9: =G8/0.7 -> 1.4285714 | H9: =H8/0.7 -> 4.2857143 | I9: =I8/0.7 -> 14.285714
C13: Cost (£k/m3) | D13: 450 | E13: 160 | F13: 71 | G13: 34 | H13: 20 | I13: 12
C14: Cost (USD/m3) | D14: =D13*1000*0.6 -> 270000 | E14: =E13*1000*0.6 -> 96000 | F14: =F13*1000*0.6 -> 42600 | G14: =G13*1000*0.6 -> 20400 | H14: =H13*1000*0.6 -> 12000 | I14: =I13*1000*0.6 -> 7200
D17: Real volumes (m3) | E17: Cost (USD/m3)
D18: 0.042857143 | E18: 270000
D19: 0.14285714 | E19: 96000
D20: 0.42857143 | E20: 42600
D21: 1.4285714 | E21: 20400
D22: 4.2857143 | E22: 12000
D23: 14.285714 | E23: 7200
D29: Labor hours Estimation model
D30: Xvalue | E30: Hours
D31: 4 | E31: 100
D32: 38 | E32: 390
E34: y = 128.81Ln(x) - 78.575
D36: Volume | E36: Xvalue in Feet | F36: Hours from y = 128.81Ln(x) - 78.575 | G36: Hours (approx)
D37: 0.05 | E37: =(POWER(D37,1/3)*3.28) -> 1.2083623 | F37: 10.709288 | G37: =TRUNC(F37) -> 10
D38: 0.15 | E38: =(POWER(D38,1/3)*3.28) -> 1.7427601 | F38: 10.709288 | G38: =TRUNC(F38) -> 10
D39: 0.45 | E39: =(POWER(D39,1/3)*3.28) -> 2.5134949 | F39: =128.81*LN(E39)- 78.575 -> 40.145852 | G39: =TRUNC(F39) -> 40
D40: 1.45 | E40: =(POWER(D40,1/3)*3.28) -> 3.7124719 | F40: =128.81*LN(E40)- 78.575 -> 90.384812 | G40: =TRUNC(F40) -> 90
D41: 4.3 | E41: =(POWER(D41,1/3)*3.28) -> 5.3337173 | F41: =128.81*LN(E41)- 78.575 -> 137.05918 | G41: 140
D42: 14.3 | E42: =(POWER(D42,1/3)*3.28) -> 7.9613342 | F42: =128.81*LN(E42)- 78.575 -> 188.65379 | G42: 190
E43: 10 | F43: =128.81*LN(E43)- 78.575 -> 218.02099 | G43: 200
E44: 2 | F44: =128.81*LN(E44)- 78.575 -> 10.709288 | G44: =TRUNC(F44) -> 10
E45: 4 | F45: =128.81*LN(E45)- 78.575 -> 99.993577 | G45: =TRUNC(F45) -> 99
E46: 38 | F46: =128.81*LN(E46)- 78.575 -> 389.98247 | G46: =TRUNC(F46) -> 389

Sheet UpdateHistory
C5: Date | D5: Update
C6: 38011 | D6: Replaced TotCost with Material Cost. Added Labor hours
C7: 38019 | D7: Inserted data for Labor hours (calculations based on Icarus Eval Engine model)
