Workbook

Sheet Input
B1: User Model Input Template
B3: Project Component Type
B4: Item Information | C4: Value | D4: Units
B5: Equipment Name
B6: CpLiquidFlowrate | D6: GPM
B7: CpFluidHead | D7: FT
B8: CpSpeed | D8: RPM
B40: Connection Stream Information | C40: Value | D40: Units
B41: Stream Name | C41: __PREMAP_STREAM__ICPTOWE-ACCE | E41: __PREMAP_STREAM__ICPTOWE-REFE
B42: Stream Direction | C42: Input | E42: Output
B43: <ICARUS SLOT NAME>
B69: Material and Manhour Adjustment Information | C69: Value
B70: <ICARUS SLOT NAME>
B99: Pipe Bulk Item Detail Information | C99: Value
B100: Line Name
B101: <ICARUS SLOT NAME>

Sheet Custom Rules
F2: 0.5
C3: 1
F4: 0.5
B6: 2 (50%) Working @ Half Capacity Pump Calculation
B7: (based on Generalized Curves for Efficiency vs. Pump Specific Speed and Volumetric Flow Rate)
B10: Ns | C10: Pump specific speed | D10: =RPM * sqrt(gpm)/(head, ft^0.75)
C11: Pump Power, HP | D11: =GPM * FT HEAD/(3960 * efficiency)
C12: Driver selection | D12: table look-up, based on HP
B14: 4 coefficients
B15: 1/Z = | C15: SS * ln ln GPM + II | D15: SS | E15: 1.6756854
D16: II | E16: -5.036017
B18: W = | C18: C* exp(D*ln(GPM)) | D18: C | E18: 0.8944
D19: D | E19: 0.1468
B21: ln(1-efficiency) = Z*ln(Ns) + W
B22: Efficiency = | C22: 1- exp( Z * ln (Ns) + W)
E25: Units | F25: =IF(Input!C5="","",Input!C5)
B26: INPUT | D26: Flow Rate, each | E26: GPM | F26: =Input!C6 -> 0
D27: Number of Identical Pumps | F27: 2
D28: Flow Rate / Num. Identical Items | E28: GPM | F28: =ROUND(F26/F27,2) -> 0
B29: (from Icarus) | D29: Head | E29: FT | F29: =IF(Input!C7="",225,Input!C7) -> 225 | G29: defaults to 225 ft for this example
D30: Pump Speed | E30: RPM | F30: =IF(Input!C8="",3600,Input!C8) -> 3600 | G30: defaults to 3600 rpm for this example
B31: CALCS | C31: 1 | D31: Pump Specific Speed, Ns | E31: - | F31: =F30*SQRT(F28)/(F29^0.75) -> 0
B32: (steps 1-6) | C32: 2 | D32: ln(GPM) | E32: - | F32: =LN(F28) -> #NUM!
C33: 3 | D33: ln(ln(GPM) | F33: =LN(F32) -> #NUM!
C34: 4 | D34: ln(Ns) | E34: - | F34: =LN(F31) -> #NUM!
C35: 5 | D35: Z | E35: - | F35: =1/($E$15*F33+$E$16) -> #NUM!
C36: 6 | D36: W | E36: - | F36: =$E$18*EXP($E$19*F32) -> #NUM!
B37: RESULT | C37: 7 | D37: Pump Efficiency | E37: % | F37: =ROUND((1-EXP(F35*F34+F36))*100,1) -> #NUM!
B39: Comment | C39: CM: Two working pumps, each at half total stream flow
C42: credit: Bob Steinberger

Sheet Output
B1: User Model Output Template
B3: Project Component Type
B4: Item Information | C4: Value | D4: Units
B5: Equipment Name | C5: =IF(Input!C5="","",Input!C5) | D5: =IF(Input!D5="","",Input!D5)
B6: CpPumpEfficiencyPercent | C6: ='Custom Rules'!F37 -> #NUM!
B7: CpNumberItems | C7: ='Custom Rules'!F27 -> 2
B8: CpLiquidFlowrate | C8: ='Custom Rules'!F28 -> 0 | D8: ='Custom Rules'!E28 -> GPM
B9: CpFluidHead | C9: ='Custom Rules'!F29 -> 225 | D9: ='Custom Rules'!E29 -> FT
B10: CpSpeed | C10: ='Custom Rules'!F30 -> 3600 | D10: ='Custom Rules'!E30 -> RPM
B11: CpRemarks2 | C11: ='Custom Rules'!C39:F39 -> CM: Two working pumps, each at half total stream flow
B40: Connection Stream Information | C40: Value | D40: Units
B41: Stream Name | C41: =IF(Input!C41="","",Input!C41) -> __PREMAP_STREAM__ICPTOWE-ACCE | D41: =IF(Input!D41="","",Input!D41)
B42: Stream Direction | C42: =IF(Input!C42="","",Input!C42) -> Input | D42: =IF(Input!D42="","",Input!D42)
B43: <ICARUS SLOT NAME> | C43: =IF(Input!C43="","",Input!C43) | D43: =IF(Input!D43="","",Input!D43)
B69: Material and Manhour Adjustment Information | C69: Value
B70: <ICARUS SLOT NAME> | C70: =IF(Input!C35="","",Input!C35)
B99: Pipe Bulk Item Detail Information | C99: Value
B100: Line Name
B101: <ICARUS SLOT NAME>
