Workbook

Sheet Input
B1: User Model Input Template
B3: Project Component Type
B4: Item Information | C4: Value | D4: Units
B5: Equipment Name
B6: CpLiquidFlowrate | D6: GPM
B7: CpFluidHead | D7: FT
B8: CpSpeed | D8: RPM
B40: Connection Stream Information | C40: Value | D40: Units
B41: Stream Name | C41: __PREMAP_STREAM__ICPTOWE-ACCE | E41: __PREMAP_STREAM__ICPTOWE-REFE
B42: Stream Direction | C42: Input | E42: Output
B43: <ICARUS SLOT NAME>
B69: Material and Manhour Adjustment Information | C69: Value
B70: <ICARUS SLOT NAME>
B99: Pipe Bulk Item Detail Information | C99: Value
B100: Line Name
B101: <ICARUS SLOT NAME>

Sheet Custom Rules
B5: Correlation for Pump Efficiency
B6: (based on Generalized Curves for Efficiency vs. Pump Specific Speed and Volumetric Flow Rate)
B7: Reference: | C7: http://www.pump-flo.com/company/pumpcenter/primer.pdf
B9: Ns | C9: Pump specific speed | D9: =RPM * sqrt(gpm)/(head, ft^0.75)
C10: Pump Power, HP | D10: =GPM * FT HEAD/(3960 * efficiency)
C11: Driver selection | D11: table look-up, based on HP
B13: 4 coefficients
B14: 1/Z = | C14: SS * ln ln GPM + II | D14: SS | E14: 1.6756854
D15: II | E15: -5.036017
B17: W = | C17: C* exp(D*ln(GPM)) | D17: C | E17: 0.8944
D18: D | E18: 0.1468
B20: ln(1-efficiency) = Z*ln(Ns) + W
B21: Efficiency = | C21: 1- exp( Z * ln (Ns) + W)
E24: Units | F24: =IF(Input!C5="","",Input!C5)
B25: INPUT | D25: Flow Rate, each | E25: GPM | F25: =ROUND(Input!C6,2) -> 0
B26: (from Icarus) | D26: Head | E26: FT | F26: =IF(Input!C7="",225,Input!C7) -> 225 | G26: defaults to 225 ft head for this example
D27: Pump Speed | E27: RPM | F27: =IF(Input!C8="",3600,Input!C8) -> 3600 | G27: defaults to 3600 rpm for this example
B28: CALCS | C28: 1 | D28: Pump Specific Speed, Ns | E28: - | F28: =F27*SQRT(F25)/(F26^0.75) -> 0
B29: (steps 1-6) | C29: 2 | D29: ln(GPM) | E29: - | F29: =LN(F25) -> #NUM!
C30: 3 | D30: ln(ln(GPM) | F30: =LN(F29) -> #NUM!
C31: 4 | D31: ln(Ns) | E31: - | F31: =LN(F28) -> #NUM!
C32: 5 | D32: Z | E32: - | F32: =1/($E$14*F30+$E$15) -> #NUM!
C33: 6 | D33: W | E33: - | F33: =$E$17*EXP($E$18*F29) -> #NUM!
B34: RESULT | C34: 7 | D34: Pump Efficiency | E34: % | F34: =ROUND((1-EXP(F32*F31+F33))*100,1) -> #NUM!
B36: Comment | C36: CM: Pump Efficiency calculated based on 1-exp(Z*ln(Ns)+W)
C39: credit: Bob Steinberger

Sheet Output
B1: User Model Output Template
B3: Project Component Type
B4: Item Information | C4: Value | D4: Units
B5: Equipment Name | C5: =IF(Input!C5="","",Input!C5) | D5: =IF(Input!D5="","",Input!D5)
B6: CpPumpEfficiencyPercent | C6: ='Custom Rules'!F34 -> #NUM!
B7: CpLiquidFlowrate | C7: ='Custom Rules'!F25 -> 0 | D7: ='Custom Rules'!E25 -> GPM
B8: CpFluidHead | C8: ='Custom Rules'!F26 -> 225 | D8: ='Custom Rules'!E26 -> FT
B9: CpSpeed | C9: ='Custom Rules'!F27 -> 3600 | D9: ='Custom Rules'!E27 -> RPM
B10: CpRemarks2 | C10: ='Custom Rules'!C36:F36 -> CM: Pump Efficiency calculated based on 1-exp(Z*ln(Ns)+W)
B40: Connection Stream Information | C40: Value | D40: Units
B41: Stream Name | C41: =IF(Input!C41="","",Input!C41) -> __PREMAP_STREAM__ICPTOWE-ACCE | D41: =IF(Input!D41="","",Input!D41)
B42: Stream Direction | C42: =IF(Input!C42="","",Input!C42) -> Input | D42: =IF(Input!D42="","",Input!D42)
B43: <ICARUS SLOT NAME> | C43: =IF(Input!C43="","",Input!C43) | D43: =IF(Input!D43="","",Input!D43)
B69: Material and Manhour Adjustment Information | C69: Value
B70: <ICARUS SLOT NAME> | C70: =IF(Input!C35="","",Input!C35)
B99: Pipe Bulk Item Detail Information | C99: Value
B100: Line Name
B101: <ICARUS SLOT NAME>
