Workbook

Sheet Custom Rules
J4: Stream Name | M4: =Input!E41 -> 0
J5: Temperature | M5: =IF(Input!E44="","",Input!E44) | N5: =IF(Input!F44="","",Input!F44) -> DEG F
J6: Pressure | M6: =IF(Input!E45="","",Input!E45) | N6: =IF(Input!F45="","",Input!F45) -> PSIA
A7: Stream Name | D7: =Input!C41 -> 0 | J7: Total Mass Flow | M7: =IF(Input!E46="","",Input!E46) | N7: =IF(Input!F46="","",Input!F46) -> LB/H
A8: Temperature | D8: =IF(Input!C44="","",Input!C44) | E8: =IF(Input!D44="","",Input!D44) -> DEG F | J8: Liquid Mass Density | M8: =IF(Input!E47="","",Input!E47) | N8: =IF(Input!F47="","",Input!F47) -> PCF
A9: Pressure | D9: =IF(Input!C45="","",Input!C45) | E9: =IF(Input!D45="","",Input!D45) -> PSIA
A10: Total Mass Flow | D10: =IF(Input!C46="","",Input!C46) | E10: =IF(Input!D46="","",Input!D46) -> LB/H
A11: Liquid Mass Density | D11: =IF(Input!C47="","",Input!C47) | E11: =IF(Input!D47="","",Input!D47) -> PCF
F17: Customized Pump
F20: Pcustom = Picarus(high) * 1.1
F21: Tcustom = Ticarus(high) +50
F22: FlowRatecustom = FlowRateicarus(high)
F23: Component Name | I23: =IF(Input!C5="","",Input!C5)
F24: Design Gauge Pressure | I24: =IF(D9>M6,D9*1.1,M6*1.1) -> #VALUE! | J24: =Input!F45 -> PSIA
F25: Design Temperature | I25: =IF(D8>M5,D8+50,M5+50) -> #VALUE! | J25: =Input!F44 -> DEG F
F26: Liquid Flow Rate | I26: =IF(D10/D11>M7/M8,D10/D11,M7/M8) -> #VALUE! | J26: CFH

Sheet Input
B1: User Model Input Template
B3: Project Component Type
B4: Item Information | C4: Value | D4: Units
B5: Equipment Name
B6: CpDesignGaugePressure
B7: CpDesignTemperature
B8: CpLiquidFlowrate
B40: Connection Stream Information | C40: Value | D40: Units | E40: Value | F40: Units
B41: Stream Name
B42: Stream Direction
B43: Description
B44: Temperature | D44: DEG F | F44: DEG F
B45: Pressure | D45: PSIA | F45: PSIA
B46: Total Mass Flow | D46: LB/H | F46: LB/H
B47: Liquid Mass Density | D47: PCF | F47: PCF

Sheet Output
B1: User Model Output Template
B3: Project Component Type
B4: Item Information | C4: Value | D4: Units
B5: Equipment Name | C5: =Input!C5 -> 0
B6: CpDesignGaugePressure | C6: ='Custom Rules'!I24 -> #VALUE! | D6: ='Custom Rules'!J24 -> PSIA
B7: CpDesignTemperature | C7: ='Custom Rules'!I25 -> #VALUE! | D7: ='Custom Rules'!J25 -> DEG F
B8: CpLiquidFlowrate | C8: ='Custom Rules'!I26 -> #VALUE! | D8: ='Custom Rules'!J26 -> CFH
B40: Connection Stream Information | C40: Value | D40: Units | E40: Value | F40: Units
B41: Stream Name
B42: Stream Direction
B43: Description
B44: Temperature
B45: Pressure
B46: Total Mass Flow
B47: Liquid Mass Density
