Workbook
Name __TBL_0_ConstructionIndirects__X: 'Project Indirect Metrics'!$A$3
Name _TBL_0_ProjectInfo_FIXED: 'Project Information'!$B$3
Name ASCEOccupancyRiskCategory: 'Project Information'!$B$23
Name BaseUOM: 'Project Information'!$B$10
Name CivilDesignCode: 'Project Information'!$B$22
Name ConstructionType: 'Project Information'!$B$8
Name CostBasis: 'Project Information'!$B$15
Name CountryBase: 'Project Information'!$B$9
Name CurrencyName: 'Project Information'!$B$11
Name CurrencySymbol: 'Project Information'!$B$12
Name ElectricalClassDivZone: 'Project Information'!$B$29
Name ElectricalDistributionSys: 'Project Information'!$B$31
Name EstimateClass: 'Project Information'!$B$13
Name EstimateOrActuals: 'Project Information'!$B$5
Name InstrumentationSystem: 'Project Information'!$B$28
Name ListBaseUoM: DropdownLists!$B$1:$B$2
Name ListCivilDesignCode: DropdownLists!$F$1:$F$2
Name ListConstructionType: DropdownLists!$C$20:$C$22
Name ListCountryBase: DropdownLists!$A$1:$A$5
Name ListElectricalClassDivZone: DropdownLists!$L$1:$L$9
Name ListElectricalDistributionSys: DropdownLists!$N$1:$N$2
Name ListEstimateOrActuals: DropdownLists!$A$20:$A$21
Name ListInstrumentationSystem: DropdownLists!$K$1:$K$2
Name ListOccupancyRiskCategory: DropdownLists!$G$1:$G$4
Name ListPIDDesignLevel: DropdownLists!$J$1:$J$3
Name ListPipeFlangeRatingStd: DropdownLists!$E$1:$E$4
Name ListPipeWallThkStd: DropdownLists!$D$1:$D$4
Name ListPowerSupplyFreq: DropdownLists!$M$1:$M$2
Name ListProcessDescription: DropdownLists!$D$20:$D$24
Name ListProjectType: DropdownLists!$B$20:$B$22
Name ListSoilType: DropdownLists!$I$1:$I$11
Name ListUBCZone: DropdownLists!$H$1:$H$6
Name ListUOMArea: DropdownLists!$H$20:$H$21
Name ListUOMEquipQty: DropdownLists!$E$20:$E$21
Name ListUOMFireproofing: DropdownLists!$K$20:$K$23
Name ListUOMLength: DropdownLists!$F$20:$F$21
Name ListUOMPaving: DropdownLists!$L$20:$L$23
Name ListUOMPipeInsulation: DropdownLists!$J$20:$J$23
Name ListUOMSteelQty: DropdownLists!$G$20:$G$21
Name ListUOMVolume: DropdownLists!$I$20:$I$21
Name ListVesselDesignCode: DropdownLists!$C$1:$C$6
Name PIDDesignLevel: 'Project Information'!$B$27
Name PipeFlangeRatingStd: 'Project Information'!$B$20
Name PipeWallThicknessStd: 'Project Information'!$B$21
Name PowerSupplyFreq: 'Project Information'!$B$30
Name PreparedBy: 'Project Information'!$B$14
Name ProcessDescription: 'Project Information'!$B$7
Name ProjectLocation: 'Project Information'!$B$4
Name ProjectTitle: 'Project Information'!$B$3
Name ProjectType: 'Project Information'!$B$6
Name SeismicHorizontalAcceleration: 'Project Information'!$B$24
Name SoilType: 'Project Information'!$B$26
Name UBCZone: 'Project Information'!$B$25
Name UOMCivilEarthworkQty: 'Project Direct Metrics'!$D$61
Name UOMCivilPavingQty: 'Project Direct Metrics'!$D$64
Name UOMCivilRoadRRQty: 'Project Direct Metrics'!$D$62
Name UOMConcreteGroutQty: 'Project Direct Metrics'!$D$65
Name UOMElectricalWireLength: 'Project Direct Metrics'!$D$98
Name UOMEquipFireproofingQty: 'Project Direct Metrics'!$D$121
Name UOMEquipInsulationQty: 'Project Direct Metrics'!$D$119

Sheet WorkflowUpload_DO_NOT_EDIT
A1: Project Title | B1: Project Location | C1: Estimate Or Actuals | D1: Project Type | E1: Process Description | F1: Construction Type | G1: Country Base | H1: Base Units of Measure | I1: Currency Name | J1: Currency Symbol | K1: Estimate Class | L1: Prepared By | M1: Cost Basis Year | N1: Vessel design code | O1: Pipe flange rating standard | P1: Pipe wall thickness standard | Q1: Civil/structural design loads reference code | R1: ASCE 7 occupancy / risk category | S1: Seismic horizontal acceleration (g) | T1: UBC zone | U1: Soil type | V1: Piping and instrumentation design | W1: Instrumentation system | X1: Electrical class and division or zone | Y1: Power supply frequency | Z1: Electrical distribution system | AA1: ISBL: Boiler Plant Equipment Qty | AB1: ISBL: Centrifugal Compressors Qty | AC1: ISBL: Crushers, Mills Qty | AD1: ISBL: Drivers Qty | AE1: ISBL: Fans, Blowers Qty | AF1: ISBL: Flares Qty | AG1: ISBL: Fluid Separation Equipment Qty | AH1: ISBL: Furnaces, Heaters Qty | AI1: ISBL: Generators Qty | AJ1: ISBL: Heat Exchangers Qty | AK1: ISBL: Material Handling Equipment Qty | AL1: ISBL: Package Units Qty | AM1: ISBL: Process Vessels Qty | AN1: ISBL: Pumps Qty | AO1: ISBL: Reactors, Mixers Qty | AP1: ISBL: Reciprocating Compressors Qty | AQ1: ISBL: Solids Separation Equipment Qty | AR1: ISBL: Storage Vessels Qty | AS1: ISBL: Turbo Expanders Qty | AT1: ISBL: Other Equipment Items Qty | AU1: ISBL: Equipment Demolition Qty | AV1: OSBL: Boiler Plant Equipment Qty | AW1: OSBL: Centrifugal Compressors Qty | AX1: OSBL: Crushers, Mills Qty | AY1: OSBL: Drivers Qty | AZ1: OSBL: Fans, Blowers Qty | BA1: OSBL: Flares Qty | BB1: OSBL: Fluid Separation Equipment Qty | BC1: OSBL: Furnaces, Heaters Qty | BD1: OSBL: Generators Qty | BE1: OSBL: Heat Exchangers Qty | BF1: OSBL: Material Handling Equipment Qty | BG1: OSBL: Package Units Qty | BH1: OSBL: Process Vessels Qty | BI1: OSBL: Pumps Qty | BJ1: OSBL: Reactors, Mixers Qty | BK1: OSBL: Reciprocating Compressors Qty | BL1: OSBL: Solids Separation Equipment Qty | BM1: OSBL: Storage Vessels Qty | BN1: OSBL: Turbo Expanders Qty | BO1: OSBL: Other Equipment Items Qty | BP1: OSBL: Equipment Demolition Qty | BQ1: ISBL: CS Pipe Qty | BR1: ISBL: CS Valves, Fittings Qty | BS1: ISBL: SS Pipe Qty | BT1: ISBL: SS Valves, Fittings Qty | BU1: ISBL: Non-ferrous Pipe Qty | BV1: ISBL: Non-ferrous Valves, Fittings Qty | BW1: ISBL: Lined Pipe Qty | BX1: ISBL: Lined Valves, Fittings Qty | BY1: ISBL: Non-metallic Pipe Qty | BZ1: ISBL: Non-metallic Valves, Fittings Qty | CA1: ISBL: Specialty Piping Items Qty | CB1: ISBL: Firewater Piping Qty | CC1: ISBL: Ductwork, Launders Qty | CD1: ISBL: Pipelines Qty | CE1: ISBL: Other Piping Qty | CF1: ISBL: Pipe Demolition Qty | CG1: OSBL: CS Pipe Qty | CH1: OSBL: CS Valves, Fittings Qty | CI1: OSBL: SS Pipe Qty | CJ1: OSBL: SS Valves, Fittings Qty | CK1: OSBL: Non-ferrous Pipe Qty | CL1: OSBL: Non-ferrous Valves, Fittings Qty | CM1: OSBL: Lined Pipe Qty | CN1: OSBL: Lined Valves, Fittings Qty | CO1: OSBL: Non-metallic Pipe Qty | CP1: OSBL: Non-metallic Valves, Fittings Qty | CQ1: OSBL: Specialty Piping Items Qty | CR1: OSBL: Firewater Piping Qty | CS1: OSBL: Ductwork, Launders Qty | CT1: OSBL: Pipelines Qty | CU1: OSBL: Other Piping Qty | CV1: OSBL: Pipe Demolition Qty | CW1: ISBL: Above Ground (AG) Piping Qty | CX1: ISBL: Underground (UG) Piping Qty | CY1: ISBL: Extra-small Diameter Qty | CZ1: ISBL: Small Diameter Qty | DA1: ISBL: Medium Diameter Qty | DB1: ISBL: Large Diameter Qty | DC1: ISBL: Extra-large Diameter Qty | DD1: OSBL: Above Ground (AG) Piping Qty | DE1: OSBL: Underground (UG) Piping Qty | DF1: OSBL: Extra-small Diameter Qty | DG1: OSBL: Small Diameter Qty | DH1: OSBL: Medium Diameter Qty | DI1: OSBL: Large Diameter Qty | DJ1: OSBL: Extra-large Diameter Qty | DK1: ISBL: Earthwork Qty | DL1: ISBL: Roads, Railroads Qty | DM1: ISBL: Piling Qty | DN1: ISBL: Paving Qty | DO1: ISBL: Concrete Qty | DP1: ISBL: Grout Qty | DQ1: ISBL: Rebar Qty | DR1: ISBL: Buildings, Architectural Qty | DS1: OSBL: Earthwork Qty | DT1: OSBL: Roads, Railroads Qty | DU1: OSBL: Piling Qty | DV1: OSBL: Paving Qty | DW1: OSBL: Concrete Qty | DX1: OSBL: Grout Qty | DY1: OSBL: Rebar Qty | DZ1: OSBL: Buildings, Architectural Qty | EA1: ISBL: Extra Light Qty | EB1: ISBL: Light Qty | EC1: ISBL: Medium Qty | ED1: ISBL: Heavy Qty | EE1: ISBL: Extra Heavy Qty | EF1: ISBL: Offshore Steel Qty | EG1: ISBL: Other Steel Items Qty | EH1: ISBL: Steel Demolition Qty | EI1: OSBL: Extra Light Qty | EJ1: OSBL: Light Qty | EK1: OSBL: Medium Qty | EL1: OSBL: Heavy Qty | EM1: OSBL: Extra Heavy Qty | EN1: OSBL: Offshore Steel Qty | EO1: OSBL: Other Steel Items Qty | EP1: OSBL: Steel Demolition Qty | EQ1: ISBL: Sensors Qty | ER1: ISBL: Control Valves Qty | ES1: ISBL: Wiring, Cable, Data Highway, Fiber Optic Qty | ET1: ISBL: Junction Boxes, Cabinets Etc. Qty | EU1: ISBL: Instrumentation Conduit, Fittings Qty | EV1: ISBL: Instrumentation Cable Tray, Supports Qty | EW1: OSBL: Sensors Qty | EX1: OSBL: Control Valves Qty | EY1: OSBL: Wiring, Cable, Data Highway, Fiber Optic Qty | EZ1: OSBL: Junction Boxes, Cabinets Etc. Qty | FA1: OSBL: Instrumentation Conduit, Fittings Qty | FB1: OSBL: Instrumentation Cable Tray, Supports Qty | FC1: ISBL: High Voltage Electrical Cable Qty | FD1: ISBL: Medium Voltage Electrical Cable Qty | FE1: ISBL: Low Voltage Electrical Cable Qty | FF1: ISBL: Control Cable Qty | FG1: ISBL: Lighting Cable Qty | FH1: ISBL: Conduit, Fittings Qty | FI1: ISBL: Cable Tray, Supports Qty | FJ1: ISBL: Transformers, Switchgear Qty | FK1: ISBL: Motor Control Center Qty | FL1: ISBL: Other Electrical Equipment Qty | FM1: ISBL: Other Electrical Items Qty | FN1: ISBL: Above Ground Electrical Qty | FO1: ISBL: Below Ground Electrical Qty | FP1: OSBL: High Voltage Electrical Cable Qty | FQ1: OSBL: Medium Voltage Electrical Cable Qty | FR1: OSBL: Low Voltage Electrical Cable Qty | FS1: OSBL: Control Cable Qty | FT1: OSBL: Lighting Cable Qty | FU1: OSBL: Conduit, Fittings Qty | FV1: OSBL: Cable Tray, Supports Qty | FW1: OSBL: Transformers, Switchgear Qty | FX1: OSBL: Motor Control Center Qty | FY1: OSBL: Other Electrical Equipment Qty | FZ1: OSBL: Other Electrical Items Qty | GA1: OSBL: Above Ground Electrical Qty | GB1: OSBL: Below Ground Electrical Qty | GC1: ISBL: Equipment Insulation Qty | GD1: ISBL: Pipe Insulation Qty | GE1: ISBL: Equipment Fireproofing Qty | GF1: ISBL: Steel Fireproofing Qty | GG1: OSBL: Equipment Insulation Qty | GH1: OSBL: Pipe Insulation Qty | GI1: OSBL: Equipment Fireproofing Qty | GJ1: OSBL: Steel Fireproofing Qty | GK1: ISBL: Equipment Paint Qty | GL1: ISBL: Pipe Paint Qty | GM1: ISBL: Steel Paint Qty | GN1: ISBL: Surface Preparation Qty | GO1: ISBL: Module Paint Qty | GP1: ISBL: Other Paint Qty | GQ1: ISBL: Paint Demolition Qty | GR1: OSBL: Equipment Paint Qty | GS1: OSBL: Pipe Paint Qty | GT1: OSBL: Steel Paint Qty | GU1: OSBL: Surface Preparation Qty | GV1: OSBL: Module Paint Qty | GW1: OSBL: Other Paint Qty | GX1: OSBL: Paint Demolition Qty | GY1: ISBL: Boiler Plant Equip. Matl. Cost | GZ1: ISBL: Centrifugal Compressors Matl. Cost | HA1: ISBL: Crushers, Mills Matl. Cost | HB1: ISBL: Drivers Matl. Cost | HC1: ISBL: Fans, Blowers Matl. Cost | HD1: ISBL: Flares Matl. Cost | HE1: ISBL: Fluid Separation Equip. Matl. Cost | HF1: ISBL: Furnaces, Heaters Matl. Cost | HG1: ISBL: Generators Matl. Cost | HH1: ISBL: Heat Exchangers Matl. Cost | HI1: ISBL: Material Handling Equip. Matl. Cost | HJ1: ISBL: Package Units Matl. Cost | HK1: ISBL: Process Vessels Matl. Cost | HL1: ISBL: Pumps Matl. Cost | HM1: ISBL: Reactors, Mixers Matl. Cost | HN1: ISBL: Reciprocating Compressors Matl. Cost | HO1: ISBL: Solids Separation Equip. Matl. Cost | HP1: ISBL: Storage Vessels Matl. Cost | HQ1: ISBL: Turbo Expanders Matl. Cost | HR1: ISBL: Other Equipment Items Matl. Cost | HS1: ISBL: Design Allowance Matl. Cost | HT1: ISBL: Warehouse Spares Matl. Cost | HU1: ISBL: Equipment Demolition Matl. Cost | HV1: OSBL: Boiler Plant Equip. Matl. Cost | HW1: OSBL: Centrifugal Compressors Matl. Cost | HX1: OSBL: Crushers, Mills Matl. Cost | HY1: OSBL: Drivers Matl. Cost | HZ1: OSBL: Fans, Blowers Matl. Cost | IA1: OSBL: Flares Matl. Cost | IB1: OSBL: Fluid Separation Equip. Matl. Cost | IC1: OSBL: Furnaces, Heaters Matl. Cost | ID1: OSBL: Generators Matl. Cost | IE1: OSBL: Heat Exchangers Matl. Cost | IF1: OSBL: Material Handling Equip. Matl. Cost | IG1: OSBL: Package Units Matl. Cost | IH1: OSBL: Process Vessels Matl. Cost | II1: OSBL: Pumps Matl. Cost | IJ1: OSBL: Reactors, Mixers Matl. Cost | IK1: OSBL: Reciprocating Compressors Matl. Cost | IL1: OSBL: Solids Separation Equip. Matl. Cost | IM1: OSBL: Storage Vessels Matl. Cost | IN1: OSBL: Turbo Expanders Matl. Cost | IO1: OSBL: Other Equipment Items Matl. Cost | IP1: OSBL: Design Allowance Matl. Cost | IQ1: OSBL: Warehouse Spares Matl. Cost | IR1: OSBL: Equipment Demolition Matl. Cost | IS1: ISBL: CS Pipe Matl. Cost | IT1: ISBL: CS Valves, Fittings Matl. Cost | IU1: ISBL: SS Pipe Matl. Cost | IV1: ISBL: SS Valves, Fittings Matl. Cost | IW1: ISBL: Non-ferrous Pipe Matl. Cost | IX1: ISBL: Non-ferrous Valves, Fittings Matl. Cost | IY1: ISBL: Lined Pipe Matl. Cost | IZ1: ISBL: Lined Valves, Fittings Matl. Cost | JA1: ISBL: Non-metallic Pipe Matl. Cost | JB1: ISBL: Non-metallic Valves, Fittings Matl. Cost | JC1: ISBL: Specialty Piping Items Matl. Cost | JD1: ISBL: Firewater Piping Matl. Cost | JE1: ISBL: Ductwork, Launders Matl. Cost | JF1: ISBL: Pipelines Matl. Cost | JG1: ISBL: Other Piping Matl. Cost | JH1: ISBL: Pipe Testing Matl. Cost | JI1: ISBL: Pipe Demolition Matl. Cost | JJ1: ISBL: Above Ground (AG) Piping Matl. Cost | JK1: ISBL: Underground (UG) Piping Matl. Cost | JL1: ISBL: Extra-small Diameter Matl. Cost | JM1: ISBL: Small Diameter Matl. Cost | JN1: ISBL: Medium Diameter Matl. Cost | JO1: ISBL: Large Diameter Matl. Cost | JP1: ISBL: Extra-large Diameter Matl. Cost | JQ1: OSBL: CS Pipe Matl. Cost | JR1: OSBL: CS Valves, Fittings Matl. Cost | JS1: OSBL: SS Pipe Matl. Cost | JT1: OSBL: SS Valves, Fittings Matl. Cost | JU1: OSBL: Non-ferrous Pipe Matl. Cost | JV1: OSBL: Non-ferrous Valves, Fittings Matl. Cost | JW1: OSBL: Lined Pipe Matl. Cost | JX1: OSBL: Lined Valves, Fittings Matl. Cost | JY1: OSBL: Non-metallic Pipe Matl. Cost | JZ1: OSBL: Non-metallic Valves, Fittings Matl. Cost | KA1: OSBL: Specialty Piping Items Matl. Cost | KB1: OSBL: Firewater Piping Matl. Cost | KC1: OSBL: Ductwork, Launders Matl. Cost | KD1: OSBL: Pipelines Matl. Cost | KE1: OSBL: Other Piping Matl. Cost | KF1: OSBL: Pipe Testing Matl. Cost | KG1: OSBL: Pipe Demolition Matl. Cost | KH1: OSBL: Above Ground (AG) Piping Matl. Cost | KI1: OSBL: Underground (UG) Piping Matl. Cost | KJ1: OSBL: Extra-small Diameter Matl. Cost | KK1: OSBL: Small Diameter Matl. Cost | KL1: OSBL: Medium Diameter Matl. Cost | KM1: OSBL: Large Diameter Matl. Cost | KN1: OSBL: Extra-large Diameter Matl. Cost | KO1: ISBL: Earthwork Matl. Cost | KP1: ISBL: Roads, Railroads Matl. Cost | KQ1: ISBL: Piling Matl. Cost | KR1: ISBL: Paving Matl. Cost | KS1: ISBL: Concrete Matl. Cost | KT1: ISBL: Grout Matl. Cost | KU1: ISBL: Rebar Matl. Cost | KV1: ISBL: Buildings, Architectural Matl. Cost | KW1: ISBL: Other Sitework Matl. Cost | KX1: ISBL: Other Civil Matl. Cost | KY1: ISBL: Civil Demolition Matl. Cost | KZ1: OSBL: Earthwork Matl. Cost | LA1: OSBL: Roads, Railroads Matl. Cost | LB1: OSBL: Piling Matl. Cost | LC1: OSBL: Paving Matl. Cost | LD1: OSBL: Concrete Matl. Cost | LE1: OSBL: Grout Matl. Cost | LF1: OSBL: Rebar Matl. Cost | LG1: OSBL: Buildings, Architectural Matl. Cost | LH1: OSBL: Other Sitework Matl. Cost | LI1: OSBL: Other Civil Matl. Cost | LJ1: OSBL: Civil Demolition Matl. Cost | LK1: ISBL: Extra Light Steel Matl. Cost | LL1: ISBL: Light Steel Matl. Cost | LM1: ISBL: Medium Steel Matl. Cost | LN1: ISBL: Heavy Steel Matl. Cost | LO1: ISBL: Extra Heavy Steel Matl. Cost | LP1: ISBL: Offshore Steel Matl. Cost | LQ1: ISBL: Other Steel Items Matl. Cost | LR1: ISBL: Steel Demolition Matl. Cost | LS1: OSBL: Extra Light Steel Matl. Cost | LT1: OSBL: Light Steel Matl. Cost | LU1: OSBL: Medium Steel Matl. Cost | LV1: OSBL: Heavy Steel Matl. Cost | LW1: OSBL: Extra Heavy Steel Matl. Cost | LX1: OSBL: Offshore Steel Matl. Cost | LY1: OSBL: Other Steel Items Matl. Cost | LZ1: OSBL: Steel Demolition Matl. Cost | MA1: ISBL: Sensors Matl. Cost | MB1: ISBL: Control Valves Matl. Cost | MC1: ISBL: Wiring, Cable, Data Highway, Fiber Optic Matl. Cost | MD1: ISBL: Junction Boxes, Cabinets Etc. Matl. Cost | ME1: ISBL: Instru. Conduit, Fittings Matl. Cost | MF1: ISBL: Instru. Cable Tray, Supports Matl. Cost | MG1: ISBL: Computer Control Matl. Cost | MH1: ISBL: Instrument Testing Matl. Cost | MI1: ISBL: Other Instrumentation Items Matl. Cost | MJ1: ISBL: Instrumentation Demolition Matl. Cost | MK1: OSBL: Sensors Matl. Cost | ML1: OSBL: Control Valves Matl. Cost | MM1: OSBL: Wiring, Cable, Data Highway, Fiber Optic Matl. Cost | MN1: OSBL: Junction Boxes, Cabinets Etc. Matl. Cost | MO1: OSBL: Instru. Conduit, Fittings Matl. Cost | MP1: OSBL: Instru. Cable Tray, Supports Matl. Cost | MQ1: OSBL: Computer Control Matl. Cost | MR1: OSBL: Instrument Testing Matl. Cost | MS1: OSBL: Other Instrumentation Items Matl. Cost | MT1: OSBL: Instrumentation Demolition Matl. Cost | MU1: ISBL: HV Electrical Cable Matl. Cost | MV1: ISBL: MV Electrical Cable Matl. Cost | MW1: ISBL: LV Electrical Cable Matl. Cost | MX1: ISBL: Control Cable Matl. Cost | MY1: ISBL: Lighting Cable Matl. Cost | MZ1: ISBL: Elec. Conduit, Fittings Matl. Cost | NA1: ISBL: Elec. Cable Tray, Supports Matl. Cost | NB1: ISBL: Transformers, Switchgear Matl. Cost | NC1: ISBL: Motor Control Center Matl. Cost | ND1: ISBL: Other Electrical Equip. Matl. Cost | NE1: ISBL: Other Electrical Items Matl. Cost | NF1: ISBL: Electrical Testing Matl. Cost | NG1: ISBL: Electrical Demolition Matl. Cost | NH1: ISBL: Above Ground Electrical Matl. Cost | NI1: ISBL: Below Ground Electrical Matl. Cost | NJ1: OSBL: HV Electrical Cable Matl. Cost | NK1: OSBL: MV Electrical Cable Matl. Cost | NL1: OSBL: LV Electrical Cable Matl. Cost | NM1: OSBL: Control Cable Matl. Cost | NN1: OSBL: Lighting Cable Matl. Cost | NO1: OSBL: Elec. Conduit, Fittings Matl. Cost | NP1: OSBL: Elec. Cable Tray, Supports Matl. Cost | NQ1: OSBL: Transformers, Switchgear Matl. Cost | NR1: OSBL: Motor Control Center Matl. Cost | NS1: OSBL: Other Electrical Equip. Matl. Cost | NT1: OSBL: Other Electrical Items Matl. Cost | NU1: OSBL: Electrical Testing Matl. Cost | NV1: OSBL: Electrical Demolition Matl. Cost | NW1: OSBL: Above Ground Electrical Matl. Cost | NX1: OSBL: Below Ground Electrical Matl. Cost | NY1: ISBL: Equipment Insulation Matl. Cost | NZ1: ISBL: Pipe Insulation Matl. Cost | OA1: ISBL: Equipment Fireproofing Matl. Cost | OB1: ISBL: Steel Fireproofing Matl. Cost | OC1: ISBL: Other Insulation, Fireproofing Matl. Cost | OD1: ISBL: Insulation, Fireproofing Demolition Matl. Cost | OE1: OSBL: Equipment Insulation Matl. Cost | OF1: OSBL: Pipe Insulation Matl. Cost | OG1: OSBL: Equipment Fireproofing Matl. Cost | OH1: OSBL: Steel Fireproofing Matl. Cost | OI1: OSBL: Other Insulation, Fireproofing Matl. Cost | OJ1: OSBL: Insulation, Fireproofing Demolition Matl. Cost | OK1: ISBL: Equipment Paint Matl. Cost | OL1: ISBL: Pipe Paint Matl. Cost | OM1: ISBL: Steel Paint Matl. Cost | ON1: ISBL: Surface Preparation Matl. Cost | OO1: ISBL: Module Paint Matl. Cost | OP1: ISBL: Other Paint Matl. Cost | OQ1: ISBL: Paint Demolition Matl. Cost | OR1: OSBL: Equipment Paint Matl. Cost | OS1: OSBL: Pipe Paint Matl. Cost | OT1: OSBL: Steel Paint Matl. Cost | OU1: OSBL: Surface Preparation Matl. Cost | OV1: OSBL: Module Paint Matl. Cost | OW1: OSBL: Other Paint Matl. Cost | OX1: OSBL: Paint Demolition Matl. Cost | OY1: ISBL: Boiler Plant Equip. MHrs | OZ1: ISBL: Centrifugal Compressors MHrs | PA1: ISBL: Crushers, Mills MHrs | PB1: ISBL: Drivers MHrs | PC1: ISBL: Fans, Blowers MHrs | PD1: ISBL: Flares MHrs | PE1: ISBL: Fluid Separation Equip. MHrs | PF1: ISBL: Furnaces, Heaters MHrs | PG1: ISBL: Generators MHrs | PH1: ISBL: Heat Exchangers MHrs | PI1: ISBL: Material Handling Equip. MHrs | PJ1: ISBL: Package Units MHrs | PK1: ISBL: Process Vessels MHrs | PL1: ISBL: Pumps MHrs | PM1: ISBL: Reactors, Mixers MHrs | PN1: ISBL: Reciprocating Compressors MHrs | PO1: ISBL: Solids Separation Equip. MHrs | PP1: ISBL: Storage Vessels MHrs | PQ1: ISBL: Turbo Expanders MHrs | PR1: ISBL: Other Equipment Items MHrs | PS1: ISBL: Design Allowance MHrs | PT1: ISBL: Warehouse Spares MHrs | PU1: ISBL: Equipment Demolition MHrs | PV1: OSBL: Boiler Plant Equip. MHrs | PW1: OSBL: Centrifugal Compressors MHrs | PX1: OSBL: Crushers, Mills MHrs | PY1: OSBL: Drivers MHrs | PZ1: OSBL: Fans, Blowers MHrs | QA1: OSBL: Flares MHrs | QB1: OSBL: Fluid Separation Equip. MHrs | QC1: OSBL: Furnaces, Heaters MHrs | QD1: OSBL: Generators MHrs | QE1: OSBL: Heat Exchangers MHrs | QF1: OSBL: Material Handling Equip. MHrs | QG1: OSBL: Package Units MHrs | QH1: OSBL: Process Vessels MHrs | QI1: OSBL: Pumps MHrs | QJ1: OSBL: Reactors, Mixers MHrs | QK1: OSBL: Reciprocating Compressors MHrs | QL1: OSBL: Solids Separation Equip. MHrs | QM1: OSBL: Storage Vessels MHrs | QN1: OSBL: Turbo Expanders MHrs | QO1: OSBL: Other Equipment Items MHrs | QP1: OSBL: Design Allowance MHrs | QQ1: OSBL: Warehouse Spares MHrs | QR1: OSBL: Equipment Demolition MHrs | QS1: ISBL: CS Pipe MHrs | QT1: ISBL: CS Valves, Fittings MHrs | QU1: ISBL: SS Pipe MHrs | QV1: ISBL: SS Valves, Fittings MHrs | QW1: ISBL: Non-ferrous Pipe MHrs | QX1: ISBL: Non-ferrous Valves, Fittings MHrs | QY1: ISBL: Lined Pipe MHrs | QZ1: ISBL: Lined Valves, Fittings MHrs | RA1: ISBL: Non-metallic Pipe MHrs | RB1: ISBL: Non-metallic Valves, Fittings MHrs | RC1: ISBL: Specialty Piping Items MHrs | RD1: ISBL: Firewater Piping MHrs | RE1: ISBL: Ductwork, Launders MHrs | RF1: ISBL: Pipelines MHrs | RG1: ISBL: Other Piping MHrs | RH1: ISBL: Pipe Testing MHrs | RI1: ISBL: Pipe Demolition MHrs | RJ1: ISBL: Above Ground (AG) Piping MHrs | RK1: ISBL: Underground (UG) Piping MHrs | RL1: ISBL: Extra-small Diameter MHrs | RM1: ISBL: Small Diameter MHrs | RN1: ISBL: Medium Diameter MHrs | RO1: ISBL: Large Diameter MHrs | RP1: ISBL: Extra-large Diameter MHrs | RQ1: OSBL: CS Pipe MHrs | RR1: OSBL: CS Valves, Fittings MHrs | RS1: OSBL: SS Pipe MHrs | RT1: OSBL: SS Valves, Fittings MHrs | RU1: OSBL: Non-ferrous Pipe MHrs | RV1: OSBL: Non-ferrous Valves, Fittings MHrs | RW1: OSBL: Lined Pipe MHrs | RX1: OSBL: Lined Valves, Fittings MHrs | RY1: OSBL: Non-metallic Pipe MHrs | RZ1: OSBL: Non-metallic Valves, Fittings MHrs | SA1: OSBL: Specialty Piping Items MHrs | SB1: OSBL: Firewater Piping MHrs | SC1: OSBL: Ductwork, Launders MHrs | SD1: OSBL: Pipelines MHrs | SE1: OSBL: Other Piping MHrs | SF1: OSBL: Pipe Testing MHrs | SG1: OSBL: Pipe Demolition MHrs | SH1: OSBL: Above Ground (AG) Piping MHrs | SI1: OSBL: Underground (UG) Piping MHrs | SJ1: OSBL: Extra-small Diameter MHrs | SK1: OSBL: Small Diameter MHrs | SL1: OSBL: Medium Diameter MHrs | SM1: OSBL: Large Diameter MHrs | SN1: OSBL: Extra-large Diameter MHrs | SO1: ISBL: Earthwork MHrs | SP1: ISBL: Roads, Railroads MHrs | SQ1: ISBL: Piling MHrs | SR1: ISBL: Paving MHrs | SS1: ISBL: Concrete MHrs | ST1: ISBL: Grout MHrs | SU1: ISBL: Rebar MHrs | SV1: ISBL: Buildings, Architectural MHrs | SW1: ISBL: Other Sitework MHrs | SX1: ISBL: Other Civil MHrs | SY1: ISBL: Civil Demolition MHrs | SZ1: OSBL: Earthwork MHrs | TA1: OSBL: Roads, Railroads MHrs | TB1: OSBL: Piling MHrs | TC1: OSBL: Paving MHrs | TD1: OSBL: Concrete MHrs | TE1: OSBL: Grout MHrs | TF1: OSBL: Rebar MHrs | TG1: OSBL: Buildings, Architectural MHrs | TH1: OSBL: Other Sitework MHrs | TI1: OSBL: Other Civil MHrs | TJ1: OSBL: Civil Demolition MHrs | TK1: ISBL: Extra Light Steel MHrs | TL1: ISBL: Light Steel MHrs | TM1: ISBL: Medium Steel MHrs | TN1: ISBL: Heavy Steel MHrs | TO1: ISBL: Extra Heavy Steel MHrs | TP1: ISBL: Offshore Steel MHrs | TQ1: ISBL: Other Steel Items MHrs | TR1: ISBL: Steel Demolition MHrs | TS1: OSBL: Extra Light Steel MHrs | TT1: OSBL: Light Steel MHrs | TU1: OSBL: Medium Steel MHrs | TV1: OSBL: Heavy Steel MHrs | TW1: OSBL: Extra Heavy Steel MHrs | TX1: OSBL: Offshore Steel MHrs | TY1: OSBL: Other Steel Items MHrs | TZ1: OSBL: Steel Demolition MHrs | UA1: ISBL: Sensors MHrs | UB1: ISBL: Control Valves MHrs | UC1: ISBL: Wiring, Cable, Data Highway, Fiber Optic MHrs | UD1: ISBL: Junction Boxes, Cabinets Etc. MHrs | UE1: ISBL: Instru. Conduit, Fittings MHrs | UF1: ISBL: Instru. Cable Tray, Supports MHrs | UG1: ISBL: Computer Control MHrs | UH1: ISBL: Instrument Testing MHrs | UI1: ISBL: Other Instrumentation Items MHrs | UJ1: ISBL: Instrumentation Demolition MHrs | UK1: OSBL: Sensors MHrs | UL1: OSBL: Control Valves MHrs | UM1: OSBL: Wiring, Cable, Data Highway, Fiber Optic MHrs | UN1: OSBL: Junction Boxes, Cabinets Etc. MHrs | UO1: OSBL: Instru. Conduit, Fittings MHrs | UP1: OSBL: Instru. Cable Tray, Supports MHrs | UQ1: OSBL: Computer Control MHrs | UR1: OSBL: Instrument Testing MHrs | US1: OSBL: Other Instrumentation Items MHrs | UT1: OSBL: Instrumentation Demolition MHrs | UU1: ISBL: HV Electrical Cable MHrs | UV1: ISBL: MV Electrical Cable MHrs | UW1: ISBL: LV Electrical Cable MHrs | UX1: ISBL: Control Cable MHrs | UY1: ISBL: Lighting Cable MHrs | UZ1: ISBL: Elec. Conduit, Fittings MHrs | VA1: ISBL: Elec. Cable Tray, Supports MHrs | VB1: ISBL: Transformers, Switchgear MHrs | VC1: ISBL: Motor Control Center MHrs | VD1: ISBL: Other Electrical Equip. MHrs | VE1: ISBL: Other Electrical Items MHrs | VF1: ISBL: Electrical Testing MHrs | VG1: ISBL: Electrical Demolition MHrs | VH1: ISBL: Above Ground Electrical MHrs | VI1: ISBL: Below Ground Electrical MHrs | VJ1: OSBL: HV Electrical Cable MHrs | VK1: OSBL: MV Electrical Cable MHrs | VL1: OSBL: LV Electrical Cable MHrs | VM1: OSBL: Control Cable MHrs | VN1: OSBL: Lighting Cable MHrs | VO1: OSBL: Elec. Conduit, Fittings MHrs | VP1: OSBL: Elec. Cable Tray, Supports MHrs | VQ1: OSBL: Transformers, Switchgear MHrs | VR1: OSBL: Motor Control Center MHrs | VS1: OSBL: Other Electrical Equip. MHrs | VT1: OSBL: Other Electrical Items MHrs | VU1: OSBL: Electrical Testing MHrs | VV1: OSBL: Electrical Demolition MHrs | VW1: OSBL: Above Ground Electrical MHrs | VX1: OSBL: Below Ground Electrical MHrs | VY1: ISBL: Equipment Insulation MHrs | VZ1: ISBL: Pipe Insulation MHrs | WA1: ISBL: Equipment Fireproofing MHrs | WB1: ISBL: Steel Fireproofing MHrs | WC1: ISBL: Other Insulation, Fireproofing MHrs | WD1: ISBL: Insulation, Fireproofing Demolition MHrs | WE1: OSBL: Equipment Insulation MHrs | WF1: OSBL: Pipe Insulation MHrs | WG1: OSBL: Equipment Fireproofing MHrs | WH1: OSBL: Steel Fireproofing MHrs | WI1: OSBL: Other Insulation, Fireproofing MHrs | WJ1: OSBL: Insulation, Fireproofing Demolition MHrs | WK1: ISBL: Equipment Paint MHrs | WL1: ISBL: Pipe Paint MHrs | WM1: ISBL: Steel Paint MHrs | WN1: ISBL: Surface Preparation MHrs | WO1: ISBL: Module Paint MHrs | WP1: ISBL: Other Paint MHrs | WQ1: ISBL: Paint Demolition MHrs | WR1: OSBL: Equipment Paint MHrs | WS1: OSBL: Pipe Paint MHrs | WT1: OSBL: Steel Paint MHrs | WU1: OSBL: Surface Preparation MHrs | WV1: OSBL: Module Paint MHrs | WW1: OSBL: Other Paint MHrs | WX1: OSBL: Paint Demolition MHrs | WY1: ISBL: Boiler Plant Equip. Labor Cost | WZ1: ISBL: Centrifugal Compressors Labor Cost | XA1: ISBL: Crushers, Mills Labor Cost | XB1: ISBL: Drivers Labor Cost | XC1: ISBL: Fans, Blowers Labor Cost | XD1: ISBL: Flares Labor Cost | XE1: ISBL: Fluid Separation Equip. Labor Cost | XF1: ISBL: Furnaces, Heaters Labor Cost | XG1: ISBL: Generators Labor Cost | XH1: ISBL: Heat Exchangers Labor Cost | XI1: ISBL: Material Handling Equip. Labor Cost | XJ1: ISBL: Package Units Labor Cost | XK1: ISBL: Process Vessels Labor Cost | XL1: ISBL: Pumps Labor Cost | XM1: ISBL: Reactors, Mixers Labor Cost | XN1: ISBL: Reciprocating Compressors Labor Cost | XO1: ISBL: Solids Separation Equip. Labor Cost | XP1: ISBL: Storage Vessels Labor Cost | XQ1: ISBL: Turbo Expanders Labor Cost | XR1: ISBL: Other Equipment Items Labor Cost | XS1: ISBL: Design Allowance Labor Cost | XT1: ISBL: Warehouse Spares Labor Cost | XU1: ISBL: Equipment Demolition Labor Cost | XV1: OSBL: Boiler Plant Equip. Labor Cost | XW1: OSBL: Centrifugal Compressors Labor Cost | XX1: OSBL: Crushers, Mills Labor Cost | XY1: OSBL: Drivers Labor Cost | XZ1: OSBL: Fans, Blowers Labor Cost | YA1: OSBL: Flares Labor Cost | YB1: OSBL: Fluid Separation Equip. Labor Cost | YC1: OSBL: Furnaces, Heaters Labor Cost | YD1: OSBL: Generators Labor Cost | YE1: OSBL: Heat Exchangers Labor Cost | YF1: OSBL: Material Handling Equip. Labor Cost | YG1: OSBL: Package Units Labor Cost | YH1: OSBL: Process Vessels Labor Cost | YI1: OSBL: Pumps Labor Cost | YJ1: OSBL: Reactors, Mixers Labor Cost | YK1: OSBL: Reciprocating Compressors Labor Cost | YL1: OSBL: Solids Separation Equip. Labor Cost | YM1: OSBL: Storage Vessels Labor Cost | YN1: OSBL: Turbo Expanders Labor Cost | YO1: OSBL: Other Equipment Items Labor Cost | YP1: OSBL: Design Allowance Labor Cost | YQ1: OSBL: Warehouse Spares Labor Cost | YR1: OSBL: Equipment Demolition Labor Cost | YS1: ISBL: CS Pipe Labor Cost | YT1: ISBL: CS Valves, Fittings Labor Cost | YU1: ISBL: SS Pipe Labor Cost | YV1: ISBL: SS Valves, Fittings Labor Cost | YW1: ISBL: Non-ferrous Pipe Labor Cost | YX1: ISBL: Non-ferrous Valves, Fittings Labor Cost | YY1: ISBL: Lined Pipe Labor Cost | YZ1: ISBL: Lined Valves, Fittings Labor Cost | ZA1: ISBL: Non-metallic Pipe Labor Cost | ZB1: ISBL: Non-metallic Valves, Fittings Labor Cost | ZC1: ISBL: Specialty Piping Items Labor Cost | ZD1: ISBL: Firewater Piping Labor Cost | ZE1: ISBL: Ductwork, Launders Labor Cost | ZF1: ISBL: Pipelines Labor Cost | ZG1: ISBL: Other Piping Labor Cost | ZH1: ISBL: Pipe Testing Labor Cost | ZI1: ISBL: Pipe Demolition Labor Cost | ZJ1: ISBL: Above Ground (AG) Piping Labor Cost | ZK1: ISBL: Underground (UG) Piping Labor Cost | ZL1: ISBL: Extra-small Diameter Labor Cost | ZM1: ISBL: Small Diameter Labor Cost | ZN1: ISBL: Medium Diameter Labor Cost | ZO1: ISBL: Large Diameter Labor Cost | ZP1: ISBL: Extra-large Diameter Labor Cost | ZQ1: OSBL: CS Pipe Labor Cost | ZR1: OSBL: CS Valves, Fittings Labor Cost | ZS1: OSBL: SS Pipe Labor Cost | ZT1: OSBL: SS Valves, Fittings Labor Cost | ZU1: OSBL: Non-ferrous Pipe Labor Cost | ZV1: OSBL: Non-ferrous Valves, Fittings Labor Cost | ZW1: OSBL: Lined Pipe Labor Cost | ZX1: OSBL: Lined Valves, Fittings Labor Cost | ZY1: OSBL: Non-metallic Pipe Labor Cost | ZZ1: OSBL: Non-metallic Valves, Fittings Labor Cost | AAA1: OSBL: Specialty Piping Items Labor Cost | AAB1: OSBL: Firewater Piping Labor Cost | AAC1: OSBL: Ductwork, Launders Labor Cost | AAD1: OSBL: Pipelines Labor Cost | AAE1: OSBL: Other Piping Labor Cost | AAF1: OSBL: Pipe Testing Labor Cost | AAG1: OSBL: Pipe Demolition Labor Cost | AAH1: OSBL: Above Ground (AG) Piping Labor Cost | AAI1: OSBL: Underground (UG) Piping Labor Cost | AAJ1: OSBL: Extra-small Diameter Labor Cost | AAK1: OSBL: Small Diameter Labor Cost | AAL1: OSBL: Medium Diameter Labor Cost | AAM1: OSBL: Large Diameter Labor Cost | AAN1: OSBL: Extra-large Diameter Labor Cost | AAO1: ISBL: Earthwork Labor Cost | AAP1: ISBL: Roads, Railroads Labor Cost | AAQ1: ISBL: Piling Labor Cost | AAR1: ISBL: Paving Labor Cost | AAS1: ISBL: Concrete Labor Cost | AAT1: ISBL: Grout Labor Cost | AAU1: ISBL: Rebar Labor Cost | AAV1: ISBL: Buildings, Architectural Labor Cost | AAW1: ISBL: Other Sitework Labor Cost | AAX1: ISBL: Other Civil Labor Cost | AAY1: ISBL: Civil Demolition Labor Cost | AAZ1: OSBL: Earthwork Labor Cost | ABA1: OSBL: Roads, Railroads Labor Cost | ABB1: OSBL: Piling Labor Cost | ABC1: OSBL: Paving Labor Cost | ABD1: OSBL: Concrete Labor Cost | ABE1: OSBL: Grout Labor Cost | ABF1: OSBL: Rebar Labor Cost | ABG1: OSBL: Buildings, Architectural Labor Cost | ABH1: OSBL: Other Sitework Labor Cost | ABI1: OSBL: Other Civil Labor Cost | ABJ1: OSBL: Civil Demolition Labor Cost | ABK1: ISBL: Extra Light Steel Labor Cost | ABL1: ISBL: Light Steel Labor Cost | ABM1: ISBL: Medium Steel Labor Cost | ABN1: ISBL: Heavy Steel Labor Cost | ABO1: ISBL: Extra Heavy Steel Labor Cost | ABP1: ISBL: Offshore Steel Labor Cost | ABQ1: ISBL: Other Steel Items Labor Cost | ABR1: ISBL: Steel Demolition Labor Cost | ABS1: OSBL: Extra Light Steel Labor Cost | ABT1: OSBL: Light Steel Labor Cost | ABU1: OSBL: Medium Steel Labor Cost | ABV1: OSBL: Heavy Steel Labor Cost | ABW1: OSBL: Extra Heavy Steel Labor Cost | ABX1: OSBL: Offshore Steel Labor Cost | ABY1: OSBL: Other Steel Items Labor Cost | ABZ1: OSBL: Steel Demolition Labor Cost | ACA1: ISBL: Sensors Labor Cost | ACB1: ISBL: Control Valves Labor Cost | ACC1: ISBL: Wiring, Cable, Data Highway, Fiber Optic Labor Cost | ACD1: ISBL: Junction Boxes, Cabinets Etc. Labor Cost | ACE1: ISBL: Instru. Conduit, Fittings Labor Cost | ACF1: ISBL: Instru. Cable Tray, Supports Labor Cost | ACG1: ISBL: Computer Control Labor Cost | ACH1: ISBL: Instrument Testing Labor Cost | ACI1: ISBL: Other Instrumentation Items Labor Cost | ACJ1: ISBL: Instrumentation Demolition Labor Cost | ACK1: OSBL: Sensors Labor Cost | ACL1: OSBL: Control Valves Labor Cost | ACM1: OSBL: Wiring, Cable, Data Highway, Fiber Optic Labor Cost | ACN1: OSBL: Junction Boxes, Cabinets Etc. Labor Cost | ACO1: OSBL: Instru. Conduit, Fittings Labor Cost | ACP1: OSBL: Instru. Cable Tray, Supports Labor Cost | ACQ1: OSBL: Computer Control Labor Cost | ACR1: OSBL: Instrument Testing Labor Cost | ACS1: OSBL: Other Instrumentation Items Labor Cost | ACT1: OSBL: Instrumentation Demolition Labor Cost | ACU1: ISBL: HV Electrical Cable Labor Cost | ACV1: ISBL: MV Electrical Cable Labor Cost | ACW1: ISBL: LV Electrical Cable Labor Cost | ACX1: ISBL: Control Cable Labor Cost | ACY1: ISBL: Lighting Cable Labor Cost | ACZ1: ISBL: Elec. Conduit, Fittings Labor Cost | ADA1: ISBL: Elec. Cable Tray, Supports Labor Cost | ADB1: ISBL: Transformers, Switchgear Labor Cost | ADC1: ISBL: Motor Control Center Labor Cost | ADD1: ISBL: Other Electrical Equip. Labor Cost | ADE1: ISBL: Other Electrical Items Labor Cost | ADF1: ISBL: Electrical Testing Labor Cost | ADG1: ISBL: Electrical Demolition Labor Cost | ADH1: ISBL: Above Ground Electrical Labor Cost | ADI1: ISBL: Below Ground Electrical Labor Cost | ADJ1: OSBL: HV Electrical Cable Labor Cost | ADK1: OSBL: MV Electrical Cable Labor Cost | ADL1: OSBL: LV Electrical Cable Labor Cost | ADM1: OSBL: Control Cable Labor Cost | ADN1: OSBL: Lighting Cable Labor Cost | ADO1: OSBL: Elec. Conduit, Fittings Labor Cost | ADP1: OSBL: Elec. Cable Tray, Supports Labor Cost | ADQ1: OSBL: Transformers, Switchgear Labor Cost | ADR1: OSBL: Motor Control Center Labor Cost | ADS1: OSBL: Other Electrical Equip. Labor Cost | ADT1: OSBL: Other Electrical Items Labor Cost | ADU1: OSBL: Electrical Testing Labor Cost | ADV1: OSBL: Electrical Demolition Labor Cost | ADW1: OSBL: Above Ground Electrical Labor Cost | ADX1: OSBL: Below Ground Electrical Labor Cost | ADY1: ISBL: Equipment Insulation Labor Cost | ADZ1: ISBL: Pipe Insulation Labor Cost | AEA1: ISBL: Equipment Fireproofing Labor Cost | AEB1: ISBL: Steel Fireproofing Labor Cost | AEC1: ISBL: Other Insulation, Fireproofing Labor Cost | AED1: ISBL: Insulation, Fireproofing Demolition Labor Cost | AEE1: OSBL: Equipment Insulation Labor Cost | AEF1: OSBL: Pipe Insulation Labor Cost | AEG1: OSBL: Equipment Fireproofing Labor Cost | AEH1: OSBL: Steel Fireproofing Labor Cost | AEI1: OSBL: Other Insulation, Fireproofing Labor Cost | AEJ1: OSBL: Insulation, Fireproofing Demolition Labor Cost | AEK1: ISBL: Equipment Paint Labor Cost | AEL1: ISBL: Pipe Paint Labor Cost | AEM1: ISBL: Steel Paint Labor Cost | AEN1: ISBL: Surface Preparation Labor Cost | AEO1: ISBL: Module Paint Labor Cost | AEP1: ISBL: Other Paint Labor Cost | AEQ1: ISBL: Paint Demolition Labor Cost | AER1: OSBL: Equipment Paint Labor Cost | AES1: OSBL: Pipe Paint Labor Cost | AET1: OSBL: Steel Paint Labor Cost | AEU1: OSBL: Surface Preparation Labor Cost | AEV1: OSBL: Module Paint Labor Cost | AEW1: OSBL: Other Paint Labor Cost | AEX1: OSBL: Paint Demolition Labor Cost | AEY1: Indirects: Fringe Benefits MHrs | AEZ1: Indirects: Burdens MHrs | AFA1: Indirects: Consumables, Small Tools MHrs | AFB1: Indirects: Miscellaneous, Insurance, Etc. MHrs | AFC1: Indirects: Scaffolding MHrs | AFD1: Indirects: Equipment Rental MHrs | AFE1: Indirects: Vendor Reps MHrs | AFF1: Indirects: Field Services MHrs | AFG1: Indirects: Temp Const, Utilities MHrs | AFH1: Indirects: Mobilization/Demobilization MHrs | AFI1: Indirects: Camp, Catering MHrs | AFJ1: Indirects: Travel MHrs | AFK1: Indirects: Overtime Premium MHrs | AFL1: Indirects: Lump Sum Construction Indirect MHrs | AFM1: Indirects: Field Const Supv MHrs | AFN1: Indirects: Start-up, Commissioning MHrs | AFO1: Indirects: Lump Sum Engineering MHrs | AFP1: Indirects: Basic Engineering MHrs | AFQ1: Indirects: Detail Engineering MHrs | AFR1: Indirects: Material Procurement MHrs | AFS1: Indirects: Subcontract Procurement MHrs | AFT1: Indirects: Engineering Management MHrs | AFU1: Indirects: Lump Sum Freight MHrs | AFV1: Indirects: Domestic Freight MHrs | AFW1: Indirects: Ocean Freight MHrs | AFX1: Indirects: Air Freight MHrs | AFY1: Indirects: Module Freight MHrs | AFZ1: Indirects: Other Freight MHrs | AGA1: Indirects: Lump Sum Taxes, Permits MHrs | AGB1: Indirects: Permits MHrs | AGC1: Indirects: Materials Taxes MHrs | AGD1: Indirects: Construction Taxes MHrs | AGE1: Indirects: Engineering Taxes MHrs | AGF1: Indirects: Other Taxes MHrs | AGG1: Indirects: Lump Sum Const Mgmt MHrs | AGH1: Indirects: Home Office Const Supp MHrs | AGI1: Indirects: Construction Management MHrs | AGJ1: Indirects: G and A Overheads MHrs | AGK1: Indirects: Contract Fee MHrs | AGL1: Indirects: Royalty, Misc Charges MHrs | AGM1: Indirects: Escalation MHrs | AGN1: Indirects: Contingency MHrs | AGO1: Indirects: Fringe Benefits Cost | AGP1: Indirects: Burdens Cost | AGQ1: Indirects: Consumables, Small Tools Cost | AGR1: Indirects: Miscellaneous, Insurance, Etc. Cost | AGS1: Indirects: Scaffolding Cost | AGT1: Indirects: Equipment Rental Cost | AGU1: Indirects: Vendor Reps Cost | AGV1: Indirects: Field Services Cost | AGW1: Indirects: Temp Const, Utilities Cost | AGX1: Indirects: Mobilization/Demobilization Cost | AGY1: Indirects: Camp, Catering Cost | AGZ1: Indirects: Travel Cost | AHA1: Indirects: Overtime Premium Cost | AHB1: Indirects: Lump Sum Construction Indirect Cost | AHC1: Indirects: Field Const Supv Cost | AHD1: Indirects: Start-up, Commissioning Cost | AHE1: Indirects: Lump Sum Engineering Cost | AHF1: Indirects: Basic Engineering Cost | AHG1: Indirects: Detail Engineering Cost | AHH1: Indirects: Material Procurement Cost | AHI1: Indirects: Subcontract Procurement Cost | AHJ1: Indirects: Engineering Management Cost | AHK1: Indirects: Lump Sum Freight Cost | AHL1: Indirects: Domestic Freight Cost | AHM1: Indirects: Ocean Freight Cost | AHN1: Indirects: Air Freight Cost | AHO1: Indirects: Module Freight Cost | AHP1: Indirects: Other Freight Cost | AHQ1: Indirects: Lump Sum Taxes, Permits Cost | AHR1: Indirects: Permits Cost | AHS1: Indirects: Materials Taxes Cost | AHT1: Indirects: Construction Taxes Cost | AHU1: Indirects: Engineering Taxes Cost | AHV1: Indirects: Other Taxes Cost | AHW1: Indirects: Lump Sum Const Mgmt Cost | AHX1: Indirects: Home Office Const Supp Cost | AHY1: Indirects: Construction Management Cost | AHZ1: Indirects: G and A Overheads Cost | AIA1: Indirects: Contract Fee Cost | AIB1: Indirects: Royalty, Misc Charges Cost | AIC1: Indirects: Escalation Cost | AID1: Indirects: Contingency Cost | AIE1: UoM: Equipment Count | AIF1: UoM: Pipe Length | AIG1: UoM: Earthwork | AIH1: UoM: Roads, Railroads | AII1: UoM: Paving | AIJ1: UoM: Concrete, Grout | AIK1: UoM: Steel, Rebar | AIL1: UoM: Electrical Wire Length | AIM1: UoM: Instrumentation Wire Length | AIN1: UoM: Equipment Insulation | AIO1: UoM: Pipe Insulation | AIP1: UoM: Equipment Fireproofing | AIQ1: UoM: Steel Fireproofing | AIR1: UoM: Paint Area
A2: =ProjectTitle -> <#TBL_0_ProjectInfo.VALUE;> | B2: =ProjectLocation -> 0 | C2: =EstimateOrActuals -> 0 | D2: =ProjectType -> 0 | E2: =ProcessDescription -> 0 | F2: =ConstructionType -> 0 | G2: =CountryBase -> 0 | H2: =BaseUOM -> 0 | I2: =CurrencyName -> 0 | J2: =CurrencySymbol -> 0 | K2: =EstimateClass -> 0 | L2: =PreparedBy -> 0 | M2: =CostBasis -> 0 | N2: =VesselDesignCode -> <#dbvalue(0_DesignBasisInfo;0;"VALUE";)> | O2: =PipeFlangeRatingStd -> <#dbvalue(0_DesignBasisInfo;1;"VALUE";)> | P2: =PipeWallThicknessStd -> <#dbvalue(0_DesignBasisInfo;2;"VALUE";)> | Q2: =CivilDesignCode -> <#dbvalue(0_DesignBasisInfo;3;"VALUE";)> | R2: =ASCEOccupancyRiskCategory -> <#dbvalue(0_DesignBasisInfo;4;"VALUE";)> | S2: =SeismicHorizontalAcceleration -> <#dbvalue(0_SeismicHorizontalAcceleration;0;"VALUER";)> | T2: =UBCZone -> <#dbvalue(0_DesignBasisInfo;6;"VALUE";)> | U2: =SoilType -> <#dbvalue(0_DesignBasisInfo;7;"VALUE";)> | V2: =PIDDesignLevel -> <#dbvalue(0_DesignBasisInfo;8;"VALUE";)> | W2: =InstrumentationSystem -> <#dbvalue(0_DesignBasisInfo;9;"VALUE";)> | X2: =ElectricalClassDivZone -> <#dbvalue(0_DesignBasisInfo;10;"VALUE";)> | Y2: =PowerSupplyFreq -> <#dbvalue(0_DesignBasisInfo;11;"VALUE";)> | Z2: =ElectricalDistributionSys -> <#dbvalue(0_DesignBasisInfo;12;"VALUE";)> | AA2: ='Project Direct Metrics'!$B$4 -> <#dbvalue(2_Equipment_ISBL_Data;0;"KEYQUANT";)> | AB2: ='Project Direct Metrics'!$B$5 -> <#dbvalue(2_Equipment_ISBL_Data;1;"KEYQUANT";)> | AC2: ='Project Direct Metrics'!$B$6 -> <#dbvalue(2_Equipment_ISBL_Data;2;"KEYQUANT";)> | AD2: ='Project Direct Metrics'!$B$7 -> <#dbvalue(2_Equipment_ISBL_Data;3;"KEYQUANT";)> | AE2: ='Project Direct Metrics'!$B$8 -> <#dbvalue(2_Equipment_ISBL_Data;4;"KEYQUANT";)> | AF2: ='Project Direct Metrics'!$B$9 -> <#dbvalue(2_Equipment_ISBL_Data;5;"KEYQUANT";)> | AG2: ='Project Direct Metrics'!$B$10 -> <#dbvalue(2_Equipment_ISBL_Data;6;"KEYQUANT";)> | AH2: ='Project Direct Metrics'!$B$11 -> <#dbvalue(2_Equipment_ISBL_Data;7;"KEYQUANT";)> | AI2: ='Project Direct Metrics'!$B$12 -> <#dbvalue(2_Equipment_ISBL_Data;8;"KEYQUANT";)> | AJ2: ='Project Direct Metrics'!$B$13 -> <#dbvalue(2_Equipment_ISBL_Data;9;"KEYQUANT";)> | AK2: ='Project Direct Metrics'!$B$14 -> <#dbvalue(2_Equipment_ISBL_Data;10;"KEYQUANT";)> | AL2: ='Project Direct Metrics'!$B$15 -> <#dbvalue(2_Equipment_ISBL_Data;11;"KEYQUANT";)> | AM2: ='Project Direct Metrics'!$B$16 -> <#dbvalue(2_Equipment_ISBL_Data;12;"KEYQUANT";)> | AN2: ='Project Direct Metrics'!$B$17 -> <#dbvalue(2_Equipment_ISBL_Data;13;"KEYQUANT";)> | AO2: ='Project Direct Metrics'!$B$18 -> <#dbvalue(2_Equipment_ISBL_Data;14;"KEYQUANT";)> | AP2: ='Project Direct Metrics'!$B$19 -> <#dbvalue(2_Equipment_ISBL_Data;15;"KEYQUANT";)> | AQ2: ='Project Direct Metrics'!$B$20 -> <#dbvalue(2_Equipment_ISBL_Data;16;"KEYQUANT";)> | AR2: ='Project Direct Metrics'!$B$21 -> <#dbvalue(2_Equipment_ISBL_Data;17;"KEYQUANT";)> | AS2: ='Project Direct Metrics'!$B$22 -> <#dbvalue(2_Equipment_ISBL_Data;18;"KEYQUANT";)> | AT2: ='Project Direct Metrics'!$B$23 -> <#dbvalue(2_Equipment_ISBL_Data;19;"KEYQUANT";)> | AU2: ='Project Direct Metrics'!$B$26 -> <#dbvalue(2_Equipment_ISBL_Data;22;"KEYQUANT";)> | AV2: ='Project Direct Metrics'!$C$4 -> <#dbvalue(2_Equipment_OSBL_Data;0;"KEYQUANT";)> | AW2: ='Project Direct Metrics'!$C$5 -> <#dbvalue(2_Equipment_OSBL_Data;1;"KEYQUANT";)> | AX2: ='Project Direct Metrics'!$C$6 -> <#dbvalue(2_Equipment_OSBL_Data;2;"KEYQUANT";)> | AY2: ='Project Direct Metrics'!$C$7 -> <#dbvalue(2_Equipment_OSBL_Data;3;"KEYQUANT";)> | AZ2: ='Project Direct Metrics'!$C$8 -> <#dbvalue(2_Equipment_OSBL_Data;4;"KEYQUANT";)> | BA2: ='Project Direct Metrics'!$C$9 -> <#dbvalue(2_Equipment_OSBL_Data;5;"KEYQUANT";)> | BB2: ='Project Direct Metrics'!$C$10 -> <#dbvalue(2_Equipment_OSBL_Data;6;"KEYQUANT";)> | BC2: ='Project Direct Metrics'!$C$11 -> <#dbvalue(2_Equipment_OSBL_Data;7;"KEYQUANT";)> | BD2: ='Project Direct Metrics'!$C$12 -> <#dbvalue(2_Equipment_OSBL_Data;8;"KEYQUANT";)> | BE2: ='Project Direct Metrics'!$C$13 -> <#dbvalue(2_Equipment_OSBL_Data;9;"KEYQUANT";)> | BF2: ='Project Direct Metrics'!$C$14 -> <#dbvalue(2_Equipment_OSBL_Data;10;"KEYQUANT";)> | BG2: ='Project Direct Metrics'!$C$15 -> <#dbvalue(2_Equipment_OSBL_Data;11;"KEYQUANT";)> | BH2: ='Project Direct Metrics'!$C$16 -> <#dbvalue(2_Equipment_OSBL_Data;12;"KEYQUANT";)> | BI2: ='Project Direct Metrics'!$C$17 -> <#dbvalue(2_Equipment_OSBL_Data;13;"KEYQUANT";)> | BJ2: ='Project Direct Metrics'!$C$18 -> <#dbvalue(2_Equipment_OSBL_Data;14;"KEYQUANT";)> | BK2: ='Project Direct Metrics'!$C$19 -> <#dbvalue(2_Equipment_OSBL_Data;15;"KEYQUANT";)> | BL2: ='Project Direct Metrics'!$C$20 -> <#dbvalue(2_Equipment_OSBL_Data;16;"KEYQUANT";)> | BM2: ='Project Direct Metrics'!$C$21 -> <#dbvalue(2_Equipment_OSBL_Data;17;"KEYQUANT";)> | BN2: ='Project Direct Metrics'!$C$22 -> <#dbvalue(2_Equipment_OSBL_Data;18;"KEYQUANT";)> | BO2: ='Project Direct Metrics'!$C$23 -> <#dbvalue(2_Equipment_OSBL_Data;19;"KEYQUANT";)> | BP2: ='Project Direct Metrics'!$C$26 -> <#dbvalue(2_Equipment_OSBL_Data;22;"KEYQUANT";)> | BQ2: ='Project Direct Metrics'!$B$30 -> <#dbvalue(3_Piping_ISBL_Data;0;"KEYQUANT";)> | BR2: ='Project Direct Metrics'!$B$31 -> <#dbvalue(3_Piping_ISBL_Data;1;"KEYQUANT";)> | BS2: ='Project Direct Metrics'!$B$32 -> <#dbvalue(3_Piping_ISBL_Data;2;"KEYQUANT";)> | BT2: ='Project Direct Metrics'!$B$33 -> <#dbvalue(3_Piping_ISBL_Data;3;"KEYQUANT";)> | BU2: ='Project Direct Metrics'!$B$34 -> <#dbvalue(3_Piping_ISBL_Data;4;"KEYQUANT";)> | BV2: ='Project Direct Metrics'!$B$35 -> <#dbvalue(3_Piping_ISBL_Data;5;"KEYQUANT";)> | BW2: ='Project Direct Metrics'!$B$36 -> <#dbvalue(3_Piping_ISBL_Data;6;"KEYQUANT";)> | BX2: ='Project Direct Metrics'!$B$37 -> <#dbvalue(3_Piping_ISBL_Data;7;"KEYQUANT";)> | BY2: ='Project Direct Metrics'!$B$38 -> <#dbvalue(3_Piping_ISBL_Data;8;"KEYQUANT";)> | BZ2: ='Project Direct Metrics'!$B$39 -> <#dbvalue(3_Piping_ISBL_Data;9;"KEYQUANT";)> | CA2: ='Project Direct Metrics'!$B$40 -> <#dbvalue(3_Piping_ISBL_Data;10;"KEYQUANT";)> | CB2: ='Project Direct Metrics'!$B$41 -> <#dbvalue(3_Piping_ISBL_Data;11;"KEYQUANT";)> | CC2: ='Project Direct Metrics'!$B$42 -> <#dbvalue(3_Piping_ISBL_Data;12;"KEYQUANT";)> | CD2: ='Project Direct Metrics'!$B$43 -> <#dbvalue(3_Piping_ISBL_Data;13;"KEYQUANT";)> | CE2: ='Project Direct Metrics'!$B$44 -> <#dbvalue(3_Piping_ISBL_Data;14;"KEYQUANT";)> | CF2: ='Project Direct Metrics'!$B$46 -> <#dbvalue(3_Piping_ISBL_Data;16;"KEYQUANT";)> | CG2: ='Project Direct Metrics'!$C$30 -> <#dbvalue(3_Piping_OSBL_Data;0;"KEYQUANT";)> | CH2: ='Project Direct Metrics'!$C$31 -> <#dbvalue(3_Piping_OSBL_Data;1;"KEYQUANT";)> | CI2: ='Project Direct Metrics'!$C$32 -> <#dbvalue(3_Piping_OSBL_Data;2;"KEYQUANT";)> | CJ2: ='Project Direct Metrics'!$C$33 -> <#dbvalue(3_Piping_OSBL_Data;3;"KEYQUANT";)> | CK2: ='Project Direct Metrics'!$C$34 -> <#dbvalue(3_Piping_OSBL_Data;4;"KEYQUANT";)> | CL2: ='Project Direct Metrics'!$C$35 -> <#dbvalue(3_Piping_OSBL_Data;5;"KEYQUANT";)> | CM2: ='Project Direct Metrics'!$C$36 -> <#dbvalue(3_Piping_OSBL_Data;6;"KEYQUANT";)> | CN2: ='Project Direct Metrics'!$C$37 -> <#dbvalue(3_Piping_OSBL_Data;7;"KEYQUANT";)> | CO2: ='Project Direct Metrics'!$C$38 -> <#dbvalue(3_Piping_OSBL_Data;8;"KEYQUANT";)> | CP2: ='Project Direct Metrics'!$C$39 -> <#dbvalue(3_Piping_OSBL_Data;9;"KEYQUANT";)> | CQ2: ='Project Direct Metrics'!$C$40 -> <#dbvalue(3_Piping_OSBL_Data;10;"KEYQUANT";)> | CR2: ='Project Direct Metrics'!$C$41 -> <#dbvalue(3_Piping_OSBL_Data;11;"KEYQUANT";)> | CS2: ='Project Direct Metrics'!$C$42 -> <#dbvalue(3_Piping_OSBL_Data;12;"KEYQUANT";)> | CT2: ='Project Direct Metrics'!$C$43 -> <#dbvalue(3_Piping_OSBL_Data;13;"KEYQUANT";)> | CU2: ='Project Direct Metrics'!$C$44 -> <#dbvalue(3_Piping_OSBL_Data;14;"KEYQUANT";)> | CV2: ='Project Direct Metrics'!$C$46 -> <#dbvalue(3_Piping_OSBL_Data;16;"KEYQUANT";)> | CW2: ='Project Direct Metrics'!$B$50 -> <#dbvalue(3_PipingByInstall_ISBL_Data;0;"KEYQUANT";)> | CX2: ='Project Direct Metrics'!$B$51 -> <#dbvalue(3_PipingByInstall_ISBL_Data;1;"KEYQUANT";)> | CY2: ='Project Direct Metrics'!$B$54 -> <#dbvalue(3_PipingBySize_ISBL_Data;0;"KEYQUANT";)> | CZ2: ='Project Direct Metrics'!$B$55 -> <#dbvalue(3_PipingBySize_ISBL_Data;1;"KEYQUANT";)> | DA2: ='Project Direct Metrics'!$B$56 -> <#dbvalue(3_PipingBySize_ISBL_Data;2;"KEYQUANT";)> | DB2: ='Project Direct Metrics'!$B$57 -> <#dbvalue(3_PipingBySize_ISBL_Data;3;"KEYQUANT";)> | DC2: ='Project Direct Metrics'!$B$58 -> <#dbvalue(3_PipingBySize_ISBL_Data;4;"KEYQUANT";)> | DD2: ='Project Direct Metrics'!$C$50 -> <#dbvalue(3_PipingByInstall_OSBL_Data;0;"KEYQUANT";)> | DE2: ='Project Direct Metrics'!$C$51 -> <#dbvalue(3_PipingByInstall_OSBL_Data;1;"KEYQUANT";)> | DF2: ='Project Direct Metrics'!$C$54 -> <#dbvalue(3_PipingBySize_OSBL_Data;0;"KEYQUANT";)> | DG2: ='Project Direct Metrics'!$C$55 -> <#dbvalue(3_PipingBySize_OSBL_Data;1;"KEYQUANT";)> | DH2: ='Project Direct Metrics'!$C$56 -> <#dbvalue(3_PipingBySize_OSBL_Data;2;"KEYQUANT";)> | DI2: ='Project Direct Metrics'!$C$57 -> <#dbvalue(3_PipingBySize_OSBL_Data;3;"KEYQUANT";)> | DJ2: ='Project Direct Metrics'!$C$58 -> <#dbvalue(3_PipingBySize_OSBL_Data;4;"KEYQUANT";)> | DK2: ='Project Direct Metrics'!$B$61 -> <#dbvalue(4_Civil_ISBL_Data;0;"KEYQUANT";)> | DL2: ='Project Direct Metrics'!$B$62 -> <#dbvalue(4_Civil_ISBL_Data;1;"KEYQUANT";)> | DM2: ='Project Direct Metrics'!$B$63 -> <#dbvalue(4_Civil_ISBL_Data;2;"KEYQUANT";)> | DN2: ='Project Direct Metrics'!$B$64 -> <#dbvalue(4_Civil_ISBL_Data;3;"KEYQUANT";)> | DO2: ='Project Direct Metrics'!$B$65 -> <#dbvalue(4_Civil_ISBL_Data;4;"KEYQUANT";)> | DP2: ='Project Direct Metrics'!$B$66 -> <#dbvalue(4_Civil_ISBL_Data;5;"KEYQUANT";)> | DQ2: ='Project Direct Metrics'!$B$67 -> <#dbvalue(4_Civil_ISBL_Data;6;"KEYQUANT";)> | DR2: ='Project Direct Metrics'!$B$68 -> <#dbvalue(4_Civil_ISBL_Data;7;"KEYQUANT";)> | DS2: ='Project Direct Metrics'!$C$61 -> <#dbvalue(4_Civil_OSBL_Data;0;"KEYQUANT";)> | DT2: ='Project Direct Metrics'!$C$62 -> <#dbvalue(4_Civil_OSBL_Data;1;"KEYQUANT";)> | DU2: ='Project Direct Metrics'!$C$63 -> <#dbvalue(4_Civil_OSBL_Data;2;"KEYQUANT";)> | DV2: ='Project Direct Metrics'!$C$64 -> <#dbvalue(4_Civil_OSBL_Data;3;"KEYQUANT";)> | DW2: ='Project Direct Metrics'!$C$65 -> <#dbvalue(4_Civil_OSBL_Data;4;"KEYQUANT";)> | DX2: ='Project Direct Metrics'!$C$66 -> <#dbvalue(4_Civil_OSBL_Data;5;"KEYQUANT";)> | DY2: ='Project Direct Metrics'!$C$67 -> <#dbvalue(4_Civil_OSBL_Data;6;"KEYQUANT";)> | DZ2: ='Project Direct Metrics'!$C$68 -> <#dbvalue(4_Civil_OSBL_Data;7;"KEYQUANT";)> | EA2: ='Project Direct Metrics'!$B$75 -> <#dbvalue(5_Steel_ISBL_Data;0;"KEYQUANT";)> | EB2: ='Project Direct Metrics'!$B$76 -> <#dbvalue(5_Steel_ISBL_Data;1;"KEYQUANT";)> | EC2: ='Project Direct Metrics'!$B$77 -> <#dbvalue(5_Steel_ISBL_Data;2;"KEYQUANT";)> | ED2: ='Project Direct Metrics'!$B$78 -> <#dbvalue(5_Steel_ISBL_Data;3;"KEYQUANT";)> | EE2: ='Project Direct Metrics'!$B$79 -> <#dbvalue(5_Steel_ISBL_Data;4;"KEYQUANT";)> | EF2: ='Project Direct Metrics'!$B$80 -> <#dbvalue(5_Steel_ISBL_Data;5;"KEYQUANT";)> | EG2: ='Project Direct Metrics'!$B$81 -> <#dbvalue(5_Steel_ISBL_Data;6;"KEYQUANT";)> | EH2: ='Project Direct Metrics'!$B$82 -> <#dbvalue(5_Steel_ISBL_Data;7;"KEYQUANT";)> | EI2: ='Project Direct Metrics'!$C$75 -> <#dbvalue(5_Steel_OSBL_Data;0;"KEYQUANT";)> | EJ2: ='Project Direct Metrics'!$C$76 -> <#dbvalue(5_Steel_OSBL_Data;1;"KEYQUANT";)> | EK2: ='Project Direct Metrics'!$C$77 -> <#dbvalue(5_Steel_OSBL_Data;2;"KEYQUANT";)> | EL2: ='Project Direct Metrics'!$C$78 -> <#dbvalue(5_Steel_OSBL_Data;3;"KEYQUANT";)> | EM2: ='Project Direct Metrics'!$C$79 -> <#dbvalue(5_Steel_OSBL_Data;4;"KEYQUANT";)> | EN2: ='Project Direct Metrics'!$C$80 -> <#dbvalue(5_Steel_OSBL_Data;5;"KEYQUANT";)> | EO2: ='Project Direct Metrics'!$C$81 -> <#dbvalue(5_Steel_OSBL_Data;6;"KEYQUANT";)> | EP2: ='Project Direct Metrics'!$C$82 -> <#dbvalue(5_Steel_OSBL_Data;7;"KEYQUANT";)> | EQ2: ='Project Direct Metrics'!$B$86 -> <#dbvalue(6_Instrumentation_ISBL_Data;0;"KEYQUANT";)> | ER2: ='Project Direct Metrics'!$B$87 -> <#dbvalue(6_Instrumentation_ISBL_Data;1;"KEYQUANT";)> | ES2: ='Project Direct Metrics'!$B$88 -> <#dbvalue(6_Instrumentation_ISBL_Data;2;"KEYQUANT";)> | ET2: ='Project Direct Metrics'!$B$89 -> <#dbvalue(6_Instrumentation_ISBL_Data;3;"KEYQUANT";)> | EU2: ='Project Direct Metrics'!$B$90 -> <#dbvalue(6_Instrumentation_ISBL_Data;4;"KEYQUANT";)> | EV2: ='Project Direct Metrics'!$B$91 -> <#dbvalue(6_Instrumentation_ISBL_Data;5;"KEYQUANT";)> | EW2: ='Project Direct Metrics'!$C$86 -> <#dbvalue(6_Instrumentation_OSBL_Data;0;"KEYQUANT";)> | EX2: ='Project Direct Metrics'!$C$87 -> <#dbvalue(6_Instrumentation_OSBL_Data;1;"KEYQUANT";)> | EY2: ='Project Direct Metrics'!$C$88 -> <#dbvalue(6_Instrumentation_OSBL_Data;2;"KEYQUANT";)> | EZ2: ='Project Direct Metrics'!$C$89 -> <#dbvalue(6_Instrumentation_OSBL_Data;3;"KEYQUANT";)> | FA2: ='Project Direct Metrics'!$C$90 -> <#dbvalue(6_Instrumentation_OSBL_Data;4;"KEYQUANT";)> | FB2: ='Project Direct Metrics'!$C$91 -> <#dbvalue(6_Instrumentation_OSBL_Data;5;"KEYQUANT";)> | FC2: ='Project Direct Metrics'!$B$99 -> <#dbvalue(7_Electrical_ISBL_Data;0;"KEYQUANT";)> | FD2: ='Project Direct Metrics'!$B$100 -> <#dbvalue(7_Electrical_ISBL_Data;1;"KEYQUANT";)> | FE2: ='Project Direct Metrics'!$B$101 -> <#dbvalue(7_Electrical_ISBL_Data;2;"KEYQUANT";)> | FF2: ='Project Direct Metrics'!$B$102 -> <#dbvalue(7_Electrical_ISBL_Data;3;"KEYQUANT";)> | FG2: ='Project Direct Metrics'!$B$103 -> <#dbvalue(7_Electrical_ISBL_Data;4;"KEYQUANT";)> | FH2: ='Project Direct Metrics'!$B$104 -> <#dbvalue(7_Electrical_ISBL_Data;5;"KEYQUANT";)> | FI2: ='Project Direct Metrics'!$B$105 -> <#dbvalue(7_Electrical_ISBL_Data;6;"KEYQUANT";)> | FJ2: ='Project Direct Metrics'!$B$106 -> <#dbvalue(7_Electrical_ISBL_Data;7;"KEYQUANT";)> | FK2: ='Project Direct Metrics'!$B$107 -> <#dbvalue(7_Electrical_ISBL_Data;8;"KEYQUANT";)> | FL2: ='Project Direct Metrics'!$B$108 -> <#dbvalue(7_Electrical_ISBL_Data;9;"KEYQUANT";)> | FM2: ='Project Direct Metrics'!$B$109 -> <#dbvalue(7_Electrical_ISBL_Data;10;"KEYQUANT";)> | FN2: ='Project Direct Metrics'!$B$115 -> <#dbvalue(7_ElectricalByInstall_ISBL_Data;0;"KEYQUANT";)> | FO2: ='Project Direct Metrics'!$B$116 -> <#dbvalue(7_ElectricalByInstall_ISBL_Data;1;"KEYQUANT";)> | FP2: ='Project Direct Metrics'!$C$99 -> <#dbvalue(7_Electrical_OSBL_Data;0;"KEYQUANT";)> | FQ2: ='Project Direct Metrics'!$C$100 -> <#dbvalue(7_Electrical_OSBL_Data;1;"KEYQUANT";)> | FR2: ='Project Direct Metrics'!$C$101 -> <#dbvalue(7_Electrical_OSBL_Data;2;"KEYQUANT";)> | FS2: ='Project Direct Metrics'!$C$102 -> <#dbvalue(7_Electrical_OSBL_Data;3;"KEYQUANT";)> | FT2: ='Project Direct Metrics'!$C$103 -> <#dbvalue(7_Electrical_OSBL_Data;4;"KEYQUANT";)> | FU2: ='Project Direct Metrics'!$C$104 -> <#dbvalue(7_Electrical_OSBL_Data;5;"KEYQUANT";)> | FV2: ='Project Direct Metrics'!$C$105 -> <#dbvalue(7_Electrical_OSBL_Data;6;"KEYQUANT";)> | FW2: ='Project Direct Metrics'!$C$106 -> <#dbvalue(7_Electrical_OSBL_Data;7;"KEYQUANT";)> | FX2: ='Project Direct Metrics'!$C$107 -> <#dbvalue(7_Electrical_OSBL_Data;8;"KEYQUANT";)> | FY2: ='Project Direct Metrics'!$C$108 -> <#dbvalue(7_Electrical_OSBL_Data;9;"KEYQUANT";)> | FZ2: ='Project Direct Metrics'!$C$109 -> <#dbvalue(7_Electrical_OSBL_Data;10;"KEYQUANT";)> | GA2: ='Project Direct Metrics'!$C$115 -> <#dbvalue(7_ElectricalByInstall_OSBL_Data;0;"KEYQUANT";)> | GB2: ='Project Direct Metrics'!$C$116 -> <#dbvalue(7_ElectricalByInstall_OSBL_Data;1;"KEYQUANT";)> | GC2: ='Project Direct Metrics'!$B$119 -> <#dbvalue(8_Insulation_ISBL_Data;0;"KEYQUANT";)> | GD2: ='Project Direct Metrics'!$B$120 -> <#dbvalue(8_Insulation_ISBL_Data;1;"KEYQUANT";)> | GE2: ='Project Direct Metrics'!$B$121 -> <#dbvalue(8_Insulation_ISBL_Data;2;"KEYQUANT";)> | GF2: ='Project Direct Metrics'!$B$122 -> <#dbvalue(8_Insulation_ISBL_Data;3;"KEYQUANT";)> | GG2: ='Project Direct Metrics'!$C$119 -> <#dbvalue(8_Insulation_OSBL_Data;0;"KEYQUANT";)> | GH2: ='Project Direct Metrics'!$C$120 -> <#dbvalue(8_Insulation_OSBL_Data;1;"KEYQUANT";)> | GI2: ='Project Direct Metrics'!$C$121 -> <#dbvalue(8_Insulation_OSBL_Data;2;"KEYQUANT";)> | GJ2: ='Project Direct Metrics'!$C$122 -> <#dbvalue(8_Insulation_OSBL_Data;3;"KEYQUANT";)> | GK2: ='Project Direct Metrics'!$B$128 -> <#dbvalue(9_Paint_ISBL_Data;0;"KEYQUANT";)> | GL2: ='Project Direct Metrics'!$B$129 -> <#dbvalue(9_Paint_ISBL_Data;1;"KEYQUANT";)> | GM2: ='Project Direct Metrics'!$B$130 -> <#dbvalue(9_Paint_ISBL_Data;2;"KEYQUANT";)> | GN2: ='Project Direct Metrics'!$B$131 -> <#dbvalue(9_Paint_ISBL_Data;3;"KEYQUANT";)> | GO2: ='Project Direct Metrics'!$B$132 -> <#dbvalue(9_Paint_ISBL_Data;4;"KEYQUANT";)> | GP2: ='Project Direct Metrics'!$B$133 -> <#dbvalue(9_Paint_ISBL_Data;5;"KEYQUANT";)> | GQ2: ='Project Direct Metrics'!$B$134 -> <#dbvalue(9_Paint_ISBL_Data;6;"KEYQUANT";)> | GR2: ='Project Direct Metrics'!$C$128 -> <#dbvalue(9_Paint_OSBL_Data;0;"KEYQUANT";)> | GS2: ='Project Direct Metrics'!$C$129 -> <#dbvalue(9_Paint_OSBL_Data;1;"KEYQUANT";)> | GT2: ='Project Direct Metrics'!$C$130 -> <#dbvalue(9_Paint_OSBL_Data;2;"KEYQUANT";)> | GU2: ='Project Direct Metrics'!$C$131 -> <#dbvalue(9_Paint_OSBL_Data;3;"KEYQUANT";)> | GV2: ='Project Direct Metrics'!$C$132 -> <#dbvalue(9_Paint_OSBL_Data;4;"KEYQUANT";)> | GW2: ='Project Direct Metrics'!$C$133 -> <#dbvalue(9_Paint_OSBL_Data;5;"KEYQUANT";)> | GX2: ='Project Direct Metrics'!$C$134 -> <#dbvalue(9_Paint_OSBL_Data;6;"KEYQUANT";)> | GY2: ='Project Direct Metrics'!$E$4 -> <#dbvalue(2_Equipment_ISBL_Data;0;"Matl";)> | GZ2: ='Project Direct Metrics'!$E$5 -> <#dbvalue(2_Equipment_ISBL_Data;1;"Matl";)> | HA2: ='Project Direct Metrics'!$E$6 -> <#dbvalue(2_Equipment_ISBL_Data;2;"Matl";)> | HB2: ='Project Direct Metrics'!$E$7 -> <#dbvalue(2_Equipment_ISBL_Data;3;"Matl";)> | HC2: ='Project Direct Metrics'!$E$8 -> <#dbvalue(2_Equipment_ISBL_Data;4;"Matl";)> | HD2: ='Project Direct Metrics'!$E$9 -> <#dbvalue(2_Equipment_ISBL_Data;5;"Matl";)> | HE2: ='Project Direct Metrics'!$E$10 -> <#dbvalue(2_Equipment_ISBL_Data;6;"Matl";)> | HF2: ='Project Direct Metrics'!$E$11 -> <#dbvalue(2_Equipment_ISBL_Data;7;"Matl";)> | HG2: ='Project Direct Metrics'!$E$12 -> <#dbvalue(2_Equipment_ISBL_Data;8;"Matl";)> | HH2: ='Project Direct Metrics'!$E$13 -> <#dbvalue(2_Equipment_ISBL_Data;9;"Matl";)> | HI2: ='Project Direct Metrics'!$E$14 -> <#dbvalue(2_Equipment_ISBL_Data;10;"Matl";)> | HJ2: ='Project Direct Metrics'!$E$15 -> <#dbvalue(2_Equipment_ISBL_Data;11;"Matl";)> | HK2: ='Project Direct Metrics'!$E$16 -> <#dbvalue(2_Equipment_ISBL_Data;12;"Matl";)> | HL2: ='Project Direct Metrics'!$E$17 -> <#dbvalue(2_Equipment_ISBL_Data;13;"Matl";)> | HM2: ='Project Direct Metrics'!$E$18 -> <#dbvalue(2_Equipment_ISBL_Data;14;"Matl";)> | HN2: ='Project Direct Metrics'!$E$19 -> <#dbvalue(2_Equipment_ISBL_Data;15;"Matl";)> | HO2: ='Project Direct Metrics'!$E$20 -> <#dbvalue(2_Equipment_ISBL_Data;16;"Matl";)> | HP2: ='Project Direct Metrics'!$E$21 -> <#dbvalue(2_Equipment_ISBL_Data;17;"Matl";)> | HQ2: ='Project Direct Metrics'!$E$22 -> <#dbvalue(2_Equipment_ISBL_Data;18;"Matl";)> | HR2: ='Project Direct Metrics'!$E$23 -> <#dbvalue(2_Equipment_ISBL_Data;19;"Matl";)> | HS2: ='Project Direct Metrics'!$E$24 -> <#dbvalue(2_Equipment_ISBL_Data;20;"Matl";)> | HT2: ='Project Direct Metrics'!$E$25 -> <#dbvalue(2_Equipment_ISBL_Data;21;"Matl";)> | HU2: ='Project Direct Metrics'!$E$26 -> <#dbvalue(2_Equipment_ISBL_Data;22;"Matl";)> | HV2: ='Project Direct Metrics'!$F$4 -> <#dbvalue(2_Equipment_OSBL_Data;0;"Matl";)> | HW2: ='Project Direct Metrics'!$F$5 -> <#dbvalue(2_Equipment_OSBL_Data;1;"Matl";)> | HX2: ='Project Direct Metrics'!$F$6 -> <#dbvalue(2_Equipment_OSBL_Data;2;"Matl";)> | HY2: ='Project Direct Metrics'!$F$7 -> <#dbvalue(2_Equipment_OSBL_Data;3;"Matl";)> | HZ2: ='Project Direct Metrics'!$F$8 -> <#dbvalue(2_Equipment_OSBL_Data;4;"Matl";)> | IA2: ='Project Direct Metrics'!$F$9 -> <#dbvalue(2_Equipment_OSBL_Data;5;"Matl";)> | IB2: ='Project Direct Metrics'!$F$10 -> <#dbvalue(2_Equipment_OSBL_Data;6;"Matl";)> | IC2: ='Project Direct Metrics'!$F$11 -> <#dbvalue(2_Equipment_OSBL_Data;7;"Matl";)> | ID2: ='Project Direct Metrics'!$F$12 -> <#dbvalue(2_Equipment_OSBL_Data;8;"Matl";)> | IE2: ='Project Direct Metrics'!$F$13 -> <#dbvalue(2_Equipment_OSBL_Data;9;"Matl";)> | IF2: ='Project Direct Metrics'!$F$14 -> <#dbvalue(2_Equipment_OSBL_Data;10;"Matl";)> | IG2: ='Project Direct Metrics'!$F$15 -> <#dbvalue(2_Equipment_OSBL_Data;11;"Matl";)> | IH2: ='Project Direct Metrics'!$F$16 -> <#dbvalue(2_Equipment_OSBL_Data;12;"Matl";)> | II2: ='Project Direct Metrics'!$F$17 -> <#dbvalue(2_Equipment_OSBL_Data;13;"Matl";)> | IJ2: ='Project Direct Metrics'!$F$18 -> <#dbvalue(2_Equipment_OSBL_Data;14;"Matl";)> | IK2: ='Project Direct Metrics'!$F$19 -> <#dbvalue(2_Equipment_OSBL_Data;15;"Matl";)> | IL2: ='Project Direct Metrics'!$F$20 -> <#dbvalue(2_Equipment_OSBL_Data;16;"Matl";)> | IM2: ='Project Direct Metrics'!$F$21 -> <#dbvalue(2_Equipment_OSBL_Data;17;"Matl";)> | IN2: ='Project Direct Metrics'!$F$22 -> <#dbvalue(2_Equipment_OSBL_Data;18;"Matl";)> | IO2: ='Project Direct Metrics'!$F$23 -> <#dbvalue(2_Equipment_OSBL_Data;19;"Matl";)> | IP2: ='Project Direct Metrics'!$F$24 -> <#dbvalue(2_Equipment_OSBL_Data;20;"Matl";)> | IQ2: ='Project Direct Metrics'!$F$25 -> <#dbvalue(2_Equipment_OSBL_Data;21;"Matl";)> | IR2: ='Project Direct Metrics'!$F$26 -> <#dbvalue(2_Equipment_OSBL_Data;22;"Matl";)> | IS2: ='Project Direct Metrics'!$E$30 -> <#dbvalue(3_Piping_ISBL_Data;0;"Matl";)> | IT2: ='Project Direct Metrics'!$E$31 -> <#dbvalue(3_Piping_ISBL_Data;1;"Matl";)> | IU2: ='Project Direct Metrics'!$E$32 -> <#dbvalue(3_Piping_ISBL_Data;2;"Matl";)> | IV2: ='Project Direct Metrics'!$E$33 -> <#dbvalue(3_Piping_ISBL_Data;3;"Matl";)> | IW2: ='Project Direct Metrics'!$E$34 -> <#dbvalue(3_Piping_ISBL_Data;4;"Matl";)> | IX2: ='Project Direct Metrics'!$E$35 -> <#dbvalue(3_Piping_ISBL_Data;5;"Matl";)> | IY2: ='Project Direct Metrics'!$E$36 -> <#dbvalue(3_Piping_ISBL_Data;6;"Matl";)> | IZ2: ='Project Direct Metrics'!$E$37 -> <#dbvalue(3_Piping_ISBL_Data;7;"Matl";)> | JA2: ='Project Direct Metrics'!$E$38 -> <#dbvalue(3_Piping_ISBL_Data;8;"Matl";)> | JB2: ='Project Direct Metrics'!$E$39 -> <#dbvalue(3_Piping_ISBL_Data;9;"Matl";)> | JC2: ='Project Direct Metrics'!$E$40 -> <#dbvalue(3_Piping_ISBL_Data;10;"Matl";)> | JD2: ='Project Direct Metrics'!$E$41 -> <#dbvalue(3_Piping_ISBL_Data;11;"Matl";)> | JE2: ='Project Direct Metrics'!$E$42 -> <#dbvalue(3_Piping_ISBL_Data;12;"Matl";)> | JF2: ='Project Direct Metrics'!$E$43 -> <#dbvalue(3_Piping_ISBL_Data;13;"Matl";)> | JG2: ='Project Direct Metrics'!$E$44 -> <#dbvalue(3_Piping_ISBL_Data;14;"Matl";)> | JH2: ='Project Direct Metrics'!$E$45 -> <#dbvalue(3_Piping_ISBL_Data;15;"Matl";)> | JI2: ='Project Direct Metrics'!$E$46 -> <#dbvalue(3_Piping_ISBL_Data;16;"Matl";)> | JJ2: ='Project Direct Metrics'!$E$50 -> <#dbvalue(3_PipingByInstall_ISBL_Data;0;"Matl";)> | JK2: ='Project Direct Metrics'!$E$51 -> <#dbvalue(3_PipingByInstall_ISBL_Data;1;"Matl";)> | JL2: ='Project Direct Metrics'!$E$54 -> <#dbvalue(3_PipingBySize_ISBL_Data;0;"Matl";)> | JM2: ='Project Direct Metrics'!$E$55 -> <#dbvalue(3_PipingBySize_ISBL_Data;1;"Matl";)> | JN2: ='Project Direct Metrics'!$E$56 -> <#dbvalue(3_PipingBySize_ISBL_Data;2;"Matl";)> | JO2: ='Project Direct Metrics'!$E$57 -> <#dbvalue(3_PipingBySize_ISBL_Data;3;"Matl";)> | JP2: ='Project Direct Metrics'!$E$58 -> <#dbvalue(3_PipingBySize_ISBL_Data;4;"Matl";)> | JQ2: ='Project Direct Metrics'!$F$30 -> <#dbvalue(3_Piping_OSBL_Data;0;"Matl";)> | JR2: ='Project Direct Metrics'!$F$31 -> <#dbvalue(3_Piping_OSBL_Data;1;"Matl";)> | JS2: ='Project Direct Metrics'!$F$32 -> <#dbvalue(3_Piping_OSBL_Data;2;"Matl";)> | JT2: ='Project Direct Metrics'!$F$33 -> <#dbvalue(3_Piping_OSBL_Data;3;"Matl";)> | JU2: ='Project Direct Metrics'!$F$34 -> <#dbvalue(3_Piping_OSBL_Data;4;"Matl";)> | JV2: ='Project Direct Metrics'!$F$35 -> <#dbvalue(3_Piping_OSBL_Data;5;"Matl";)> | JW2: ='Project Direct Metrics'!$F$36 -> <#dbvalue(3_Piping_OSBL_Data;6;"Matl";)> | JX2: ='Project Direct Metrics'!$F$37 -> <#dbvalue(3_Piping_OSBL_Data;7;"Matl";)> | JY2: ='Project Direct Metrics'!$F$38 -> <#dbvalue(3_Piping_OSBL_Data;8;"Matl";)> | JZ2: ='Project Direct Metrics'!$F$39 -> <#dbvalue(3_Piping_OSBL_Data;9;"Matl";)> | KA2: ='Project Direct Metrics'!$F$40 -> <#dbvalue(3_Piping_OSBL_Data;10;"Matl";)> | KB2: ='Project Direct Metrics'!$F$41 -> <#dbvalue(3_Piping_OSBL_Data;11;"Matl";)> | KC2: ='Project Direct Metrics'!$F$42 -> <#dbvalue(3_Piping_OSBL_Data;12;"Matl";)> | KD2: ='Project Direct Metrics'!$F$43 -> <#dbvalue(3_Piping_OSBL_Data;13;"Matl";)> | KE2: ='Project Direct Metrics'!$F$44 -> <#dbvalue(3_Piping_OSBL_Data;14;"Matl";)> | KF2: ='Project Direct Metrics'!$F$45 -> <#dbvalue(3_Piping_OSBL_Data;15;"Matl";)> | KG2: ='Project Direct Metrics'!$F$46 -> <#dbvalue(3_Piping_OSBL_Data;16;"Matl";)> | KH2: ='Project Direct Metrics'!$F$50 -> <#dbvalue(3_PipingByInstall_OSBL_Data;0;"Matl";)> | KI2: ='Project Direct Metrics'!$F$51 -> <#dbvalue(3_PipingByInstall_OSBL_Data;1;"Matl";)> | KJ2: ='Project Direct Metrics'!$F$54 -> <#dbvalue(3_PipingBySize_OSBL_Data;0;"Matl";)> | KK2: ='Project Direct Metrics'!$F$55 -> <#dbvalue(3_PipingBySize_OSBL_Data;1;"Matl";)> | KL2: ='Project Direct Metrics'!$F$56 -> <#dbvalue(3_PipingBySize_OSBL_Data;2;"Matl";)> | KM2: ='Project Direct Metrics'!$F$57 -> <#dbvalue(3_PipingBySize_OSBL_Data;3;"Matl";)> | KN2: ='Project Direct Metrics'!$F$58 -> <#dbvalue(3_PipingBySize_OSBL_Data;4;"Matl";)> | KO2: ='Project Direct Metrics'!$E$61 -> <#dbvalue(4_Civil_ISBL_Data;0;"Matl";)> | KP2: ='Project Direct Metrics'!$E$62 -> <#dbvalue(4_Civil_ISBL_Data;1;"Matl";)> | KQ2: ='Project Direct Metrics'!$E$63 -> <#dbvalue(4_Civil_ISBL_Data;2;"Matl";)> | KR2: ='Project Direct Metrics'!$E$64 -> <#dbvalue(4_Civil_ISBL_Data;3;"Matl";)> | KS2: ='Project Direct Metrics'!$E$65 -> <#dbvalue(4_Civil_ISBL_Data;4;"Matl";)> | KT2: ='Project Direct Metrics'!$E$66 -> <#dbvalue(4_Civil_ISBL_Data;5;"Matl";)> | KU2: ='Project Direct Metrics'!$E$67 -> <#dbvalue(4_Civil_ISBL_Data;6;"Matl";)> | KV2: ='Project Direct Metrics'!$E$68 -> <#dbvalue(4_Civil_ISBL_Data;7;"Matl";)> | KW2: ='Project Direct Metrics'!$E$69 -> <#dbvalue(4_Civil_ISBL_Data;8;"Matl";)> | KX2: ='Project Direct Metrics'!$E$70 -> <#dbvalue(4_Civil_ISBL_Data;9;"Matl";)> | KY2: ='Project Direct Metrics'!$E$71 -> <#dbvalue(4_Civil_ISBL_Data;10;"Matl";)> | KZ2: ='Project Direct Metrics'!$F$61 -> <#dbvalue(4_Civil_OSBL_Data;0;"Matl";)> | LA2: ='Project Direct Metrics'!$F$62 -> <#dbvalue(4_Civil_OSBL_Data;1;"Matl";)> | LB2: ='Project Direct Metrics'!$F$63 -> <#dbvalue(4_Civil_OSBL_Data;2;"Matl";)> | LC2: ='Project Direct Metrics'!$F$64 -> <#dbvalue(4_Civil_OSBL_Data;3;"Matl";)> | LD2: ='Project Direct Metrics'!$F$65 -> <#dbvalue(4_Civil_OSBL_Data;4;"Matl";)> | LE2: ='Project Direct Metrics'!$F$66 -> <#dbvalue(4_Civil_OSBL_Data;5;"Matl";)> | LF2: ='Project Direct Metrics'!$F$67 -> <#dbvalue(4_Civil_OSBL_Data;6;"Matl";)> | LG2: ='Project Direct Metrics'!$F$68 -> <#dbvalue(4_Civil_OSBL_Data;7;"Matl";)> | LH2: ='Project Direct Metrics'!$F$69 -> <#dbvalue(4_Civil_OSBL_Data;8;"Matl";)> | LI2: ='Project Direct Metrics'!$F$70 -> <#dbvalue(4_Civil_OSBL_Data;9;"Matl";)> | LJ2: ='Project Direct Metrics'!$F$71 -> <#dbvalue(4_Civil_OSBL_Data;10;"Matl";)> | LK2: ='Project Direct Metrics'!$E$75 -> <#dbvalue(5_Steel_ISBL_Data;0;"Matl";)> | LL2: ='Project Direct Metrics'!$E$76 -> <#dbvalue(5_Steel_ISBL_Data;1;"Matl";)> | LM2: ='Project Direct Metrics'!$E$77 -> <#dbvalue(5_Steel_ISBL_Data;2;"Matl";)> | LN2: ='Project Direct Metrics'!$E$78 -> <#dbvalue(5_Steel_ISBL_Data;3;"Matl";)> | LO2: ='Project Direct Metrics'!$E$79 -> <#dbvalue(5_Steel_ISBL_Data;4;"Matl";)> | LP2: ='Project Direct Metrics'!$E$80 -> <#dbvalue(5_Steel_ISBL_Data;5;"Matl";)> | LQ2: ='Project Direct Metrics'!$E$81 -> <#dbvalue(5_Steel_ISBL_Data;6;"Matl";)> | LR2: ='Project Direct Metrics'!$E$82 -> <#dbvalue(5_Steel_ISBL_Data;7;"Matl";)> | LS2: ='Project Direct Metrics'!$F$75 -> <#dbvalue(5_Steel_OSBL_Data;0;"Matl";)> | LT2: ='Project Direct Metrics'!$F$76 -> <#dbvalue(5_Steel_OSBL_Data;1;"Matl";)> | LU2: ='Project Direct Metrics'!$F$77 -> <#dbvalue(5_Steel_OSBL_Data;2;"Matl";)> | LV2: ='Project Direct Metrics'!$F$78 -> <#dbvalue(5_Steel_OSBL_Data;3;"Matl";)> | LW2: ='Project Direct Metrics'!$F$79 -> <#dbvalue(5_Steel_OSBL_Data;4;"Matl";)> | LX2: ='Project Direct Metrics'!$F$80 -> <#dbvalue(5_Steel_OSBL_Data;5;"Matl";)> | LY2: ='Project Direct Metrics'!$F$81 -> <#dbvalue(5_Steel_OSBL_Data;6;"Matl";)> | LZ2: ='Project Direct Metrics'!$F$82 -> <#dbvalue(5_Steel_OSBL_Data;7;"Matl";)> | MA2: ='Project Direct Metrics'!$E$86 -> <#dbvalue(6_Instrumentation_ISBL_Data;0;"Matl";)> | MB2: ='Project Direct Metrics'!$E$87 -> <#dbvalue(6_Instrumentation_ISBL_Data;1;"Matl";)> | MC2: ='Project Direct Metrics'!$E$88 -> <#dbvalue(6_Instrumentation_ISBL_Data;2;"Matl";)> | MD2: ='Project Direct Metrics'!$E$89 -> <#dbvalue(6_Instrumentation_ISBL_Data;3;"Matl";)> | ME2: ='Project Direct Metrics'!$E$90 -> <#dbvalue(6_Instrumentation_ISBL_Data;4;"Matl";)> | MF2: ='Project Direct Metrics'!$E$91 -> <#dbvalue(6_Instrumentation_ISBL_Data;5;"Matl";)> | MG2: ='Project Direct Metrics'!$E$92 -> <#dbvalue(6_Instrumentation_ISBL_Data;6;"Matl";)> | MH2: ='Project Direct Metrics'!$E$93 -> <#dbvalue(6_Instrumentation_ISBL_Data;7;"Matl";)> | MI2: ='Project Direct Metrics'!$E$94 -> <#dbvalue(6_Instrumentation_ISBL_Data;8;"Matl";)> | MJ2: ='Project Direct Metrics'!$E$95 -> <#dbvalue(6_Instrumentation_ISBL_Data;9;"Matl";)> | MK2: ='Project Direct Metrics'!$F$86 -> <#dbvalue(6_Instrumentation_OSBL_Data;0;"Matl";)> | ML2: ='Project Direct Metrics'!$F$87 -> <#dbvalue(6_Instrumentation_OSBL_Data;1;"Matl";)> | MM2: ='Project Direct Metrics'!$F$88 -> <#dbvalue(6_Instrumentation_OSBL_Data;2;"Matl";)> | MN2: ='Project Direct Metrics'!$F$89 -> <#dbvalue(6_Instrumentation_OSBL_Data;3;"Matl";)> | MO2: ='Project Direct Metrics'!$F$90 -> <#dbvalue(6_Instrumentation_OSBL_Data;4;"Matl";)> | MP2: ='Project Direct Metrics'!$F$91 -> <#dbvalue(6_Instrumentation_OSBL_Data;5;"Matl";)> | MQ2: ='Project Direct Metrics'!$F$92 -> <#dbvalue(6_Instrumentation_OSBL_Data;6;"Matl";)> | MR2: ='Project Direct Metrics'!$F$93 -> <#dbvalue(6_Instrumentation_OSBL_Data;7;"Matl";)> | MS2: ='Project Direct Metrics'!$F$94 -> <#dbvalue(6_Instrumentation_OSBL_Data;8;"Matl";)> | MT2: ='Project Direct Metrics'!$F$95 -> <#dbvalue(6_Instrumentation_OSBL_Data;9;"Matl";)> | MU2: ='Project Direct Metrics'!$E$99 -> <#dbvalue(7_Electrical_ISBL_Data;0;"Matl";)> | MV2: ='Project Direct Metrics'!$E$100 -> <#dbvalue(7_Electrical_ISBL_Data;1;"Matl";)> | MW2: ='Project Direct Metrics'!$E$101 -> <#dbvalue(7_Electrical_ISBL_Data;2;"Matl";)> | MX2: ='Project Direct Metrics'!$E$102 -> <#dbvalue(7_Electrical_ISBL_Data;3;"Matl";)> | MY2: ='Project Direct Metrics'!$E$103 -> <#dbvalue(7_Electrical_ISBL_Data;4;"Matl";)> | MZ2: ='Project Direct Metrics'!$E$104 -> <#dbvalue(7_Electrical_ISBL_Data;5;"Matl";)> | NA2: ='Project Direct Metrics'!$E$105 -> <#dbvalue(7_Electrical_ISBL_Data;6;"Matl";)> | NB2: ='Project Direct Metrics'!$E$106 -> <#dbvalue(7_Electrical_ISBL_Data;7;"Matl";)> | NC2: ='Project Direct Metrics'!$E$107 -> <#dbvalue(7_Electrical_ISBL_Data;8;"Matl";)> | ND2: ='Project Direct Metrics'!$E$108 -> <#dbvalue(7_Electrical_ISBL_Data;9;"Matl";)> | NE2: ='Project Direct Metrics'!$E$109 -> <#dbvalue(7_Electrical_ISBL_Data;10;"Matl";)> | NF2: ='Project Direct Metrics'!$E$110 -> <#dbvalue(7_Electrical_ISBL_Data;11;"Matl";)> | NG2: ='Project Direct Metrics'!$E$111 -> <#dbvalue(7_Electrical_ISBL_Data;12;"Matl";)> | NH2: ='Project Direct Metrics'!$E$115 -> <#dbvalue(7_ElectricalByInstall_ISBL_Data;0;"Matl";)> | NI2: ='Project Direct Metrics'!$E$116 -> <#dbvalue(7_ElectricalByInstall_ISBL_Data;1;"Matl";)> | NJ2: ='Project Direct Metrics'!$F$99 -> <#dbvalue(7_Electrical_OSBL_Data;0;"Matl";)> | NK2: ='Project Direct Metrics'!$F$100 -> <#dbvalue(7_Electrical_OSBL_Data;1;"Matl";)> | NL2: ='Project Direct Metrics'!$F$101 -> <#dbvalue(7_Electrical_OSBL_Data;2;"Matl";)> | NM2: ='Project Direct Metrics'!$F$102 -> <#dbvalue(7_Electrical_OSBL_Data;3;"Matl";)> | NN2: ='Project Direct Metrics'!$F$103 -> <#dbvalue(7_Electrical_OSBL_Data;4;"Matl";)> | NO2: ='Project Direct Metrics'!$F$104 -> <#dbvalue(7_Electrical_OSBL_Data;5;"Matl";)> | NP2: ='Project Direct Metrics'!$F$105 -> <#dbvalue(7_Electrical_OSBL_Data;6;"Matl";)> | NQ2: ='Project Direct Metrics'!$F$106 -> <#dbvalue(7_Electrical_OSBL_Data;7;"Matl";)> | NR2: ='Project Direct Metrics'!$F$107 -> <#dbvalue(7_Electrical_OSBL_Data;8;"Matl";)> | NS2: ='Project Direct Metrics'!$F$108 -> <#dbvalue(7_Electrical_OSBL_Data;9;"Matl";)> | NT2: ='Project Direct Metrics'!$F$109 -> <#dbvalue(7_Electrical_OSBL_Data;10;"Matl";)> | NU2: ='Project Direct Metrics'!$F$110 -> <#dbvalue(7_Electrical_OSBL_Data;11;"Matl";)> | NV2: ='Project Direct Metrics'!$F$111 -> <#dbvalue(7_Electrical_OSBL_Data;12;"Matl";)> | NW2: ='Project Direct Metrics'!$F$115 -> <#dbvalue(7_ElectricalByInstall_OSBL_Data;0;"Matl";)> | NX2: ='Project Direct Metrics'!$F$116 -> <#dbvalue(7_ElectricalByInstall_OSBL_Data;1;"Matl";)> | NY2: ='Project Direct Metrics'!$E$119 -> <#dbvalue(8_Insulation_ISBL_Data;0;"Matl";)> | NZ2: ='Project Direct Metrics'!$E$120 -> <#dbvalue(8_Insulation_ISBL_Data;1;"Matl";)> | OA2: ='Project Direct Metrics'!$E$121 -> <#dbvalue(8_Insulation_ISBL_Data;2;"Matl";)> | OB2: ='Project Direct Metrics'!$E$122 -> <#dbvalue(8_Insulation_ISBL_Data;3;"Matl";)> | OC2: ='Project Direct Metrics'!$E$123 -> <#dbvalue(8_Insulation_ISBL_Data;4;"Matl";)> | OD2: ='Project Direct Metrics'!$E$124 -> <#dbvalue(8_Insulation_ISBL_Data;5;"Matl";)> | OE2: ='Project Direct Metrics'!$F$119 -> <#dbvalue(8_Insulation_OSBL_Data;0;"Matl";)> | OF2: ='Project Direct Metrics'!$F$120 -> <#dbvalue(8_Insulation_OSBL_Data;1;"Matl";)> | OG2: ='Project Direct Metrics'!$F$121 -> <#dbvalue(8_Insulation_OSBL_Data;2;"Matl";)> | OH2: ='Project Direct Metrics'!$F$122 -> <#dbvalue(8_Insulation_OSBL_Data;3;"Matl";)> | OI2: ='Project Direct Metrics'!$F$123 -> <#dbvalue(8_Insulation_OSBL_Data;4;"Matl";)> | OJ2: ='Project Direct Metrics'!$F$124 -> <#dbvalue(8_Insulation_OSBL_Data;5;"Matl";)> | OK2: ='Project Direct Metrics'!$E$128 -> <#dbvalue(9_Paint_ISBL_Data;0;"Matl";)> | OL2: ='Project Direct Metrics'!$E$129 -> <#dbvalue(9_Paint_ISBL_Data;1;"Matl";)> | OM2: ='Project Direct Metrics'!$E$130 -> <#dbvalue(9_Paint_ISBL_Data;2;"Matl";)> | ON2: ='Project Direct Metrics'!$E$131 -> <#dbvalue(9_Paint_ISBL_Data;3;"Matl";)> | OO2: ='Project Direct Metrics'!$E$132 -> <#dbvalue(9_Paint_ISBL_Data;4;"Matl";)> | OP2: ='Project Direct Metrics'!$E$133 -> <#dbvalue(9_Paint_ISBL_Data;5;"Matl";)> | OQ2: ='Project Direct Metrics'!$E$134 -> <#dbvalue(9_Paint_ISBL_Data;6;"Matl";)> | OR2: ='Project Direct Metrics'!$F$128 -> <#dbvalue(9_Paint_OSBL_Data;0;"Matl";)> | OS2: ='Project Direct Metrics'!$F$129 -> <#dbvalue(9_Paint_OSBL_Data;1;"Matl";)> | OT2: ='Project Direct Metrics'!$F$130 -> <#dbvalue(9_Paint_OSBL_Data;2;"Matl";)> | OU2: ='Project Direct Metrics'!$F$131 -> <#dbvalue(9_Paint_OSBL_Data;3;"Matl";)> | OV2: ='Project Direct Metrics'!$F$132 -> <#dbvalue(9_Paint_OSBL_Data;4;"Matl";)> | OW2: ='Project Direct Metrics'!$F$133 -> <#dbvalue(9_Paint_OSBL_Data;5;"Matl";)> | OX2: ='Project Direct Metrics'!$F$134 -> <#dbvalue(9_Paint_OSBL_Data;6;"Matl";)> | OY2: ='Project Direct Metrics'!$G$4 -> <#dbvalue(2_Equipment_ISBL_Data;0;"MH";)> | OZ2: ='Project Direct Metrics'!$G$5 -> <#dbvalue(2_Equipment_ISBL_Data;1;"MH";)> | PA2: ='Project Direct Metrics'!$G$6 -> <#dbvalue(2_Equipment_ISBL_Data;2;"MH";)> | PB2: ='Project Direct Metrics'!$G$7 -> <#dbvalue(2_Equipment_ISBL_Data;3;"MH";)> | PC2: ='Project Direct Metrics'!$G$8 -> <#dbvalue(2_Equipment_ISBL_Data;4;"MH";)> | PD2: ='Project Direct Metrics'!$G$9 -> <#dbvalue(2_Equipment_ISBL_Data;5;"MH";)> | PE2: ='Project Direct Metrics'!$G$10 -> <#dbvalue(2_Equipment_ISBL_Data;6;"MH";)> | PF2: ='Project Direct Metrics'!$G$11 -> <#dbvalue(2_Equipment_ISBL_Data;7;"MH";)> | PG2: ='Project Direct Metrics'!$G$12 -> <#dbvalue(2_Equipment_ISBL_Data;8;"MH";)> | PH2: ='Project Direct Metrics'!$G$13 -> <#dbvalue(2_Equipment_ISBL_Data;9;"MH";)> | PI2: ='Project Direct Metrics'!$G$14 -> <#dbvalue(2_Equipment_ISBL_Data;10;"MH";)> | PJ2: ='Project Direct Metrics'!$G$15 -> <#dbvalue(2_Equipment_ISBL_Data;11;"MH";)> | PK2: ='Project Direct Metrics'!$G$16 -> <#dbvalue(2_Equipment_ISBL_Data;12;"MH";)> | PL2: ='Project Direct Metrics'!$G$17 -> <#dbvalue(2_Equipment_ISBL_Data;13;"MH";)> | PM2: ='Project Direct Metrics'!$G$18 -> <#dbvalue(2_Equipment_ISBL_Data;14;"MH";)> | PN2: ='Project Direct Metrics'!$G$19 -> <#dbvalue(2_Equipment_ISBL_Data;15;"MH";)> | PO2: ='Project Direct Metrics'!$G$20 -> <#dbvalue(2_Equipment_ISBL_Data;16;"MH";)> | PP2: ='Project Direct Metrics'!$G$21 -> <#dbvalue(2_Equipment_ISBL_Data;17;"MH";)> | PQ2: ='Project Direct Metrics'!$G$22 -> <#dbvalue(2_Equipment_ISBL_Data;18;"MH";)> | PR2: ='Project Direct Metrics'!$G$23 -> <#dbvalue(2_Equipment_ISBL_Data;19;"MH";)> | PS2: ='Project Direct Metrics'!$G$24 -> <#dbvalue(2_Equipment_ISBL_Data;20;"MH";)> | PT2: ='Project Direct Metrics'!$G$25 -> <#dbvalue(2_Equipment_ISBL_Data;21;"MH";)> | PU2: ='Project Direct Metrics'!$G$26 -> <#dbvalue(2_Equipment_ISBL_Data;22;"MH";)> | PV2: ='Project Direct Metrics'!$H$4 -> <#dbvalue(2_Equipment_OSBL_Data;0;"MH";)> | PW2: ='Project Direct Metrics'!$H$5 -> <#dbvalue(2_Equipment_OSBL_Data;1;"MH";)> | PX2: ='Project Direct Metrics'!$H$6 -> <#dbvalue(2_Equipment_OSBL_Data;2;"MH";)> | PY2: ='Project Direct Metrics'!$H$7 -> <#dbvalue(2_Equipment_OSBL_Data;3;"MH";)> | PZ2: ='Project Direct Metrics'!$H$8 -> <#dbvalue(2_Equipment_OSBL_Data;4;"MH";)> | QA2: ='Project Direct Metrics'!$H$9 -> <#dbvalue(2_Equipment_OSBL_Data;5;"MH";)> | QB2: ='Project Direct Metrics'!$H$10 -> <#dbvalue(2_Equipment_OSBL_Data;6;"MH";)> | QC2: ='Project Direct Metrics'!$H$11 -> <#dbvalue(2_Equipment_OSBL_Data;7;"MH";)> | QD2: ='Project Direct Metrics'!$H$12 -> <#dbvalue(2_Equipment_OSBL_Data;8;"MH";)> | QE2: ='Project Direct Metrics'!$H$13 -> <#dbvalue(2_Equipment_OSBL_Data;9;"MH";)> | QF2: ='Project Direct Metrics'!$H$14 -> <#dbvalue(2_Equipment_OSBL_Data;10;"MH";)> | QG2: ='Project Direct Metrics'!$H$15 -> <#dbvalue(2_Equipment_OSBL_Data;11;"MH";)> | QH2: ='Project Direct Metrics'!$H$16 -> <#dbvalue(2_Equipment_OSBL_Data;12;"MH";)> | QI2: ='Project Direct Metrics'!$H$17 -> <#dbvalue(2_Equipment_OSBL_Data;13;"MH";)> | QJ2: ='Project Direct Metrics'!$H$18 -> <#dbvalue(2_Equipment_OSBL_Data;14;"MH";)> | QK2: ='Project Direct Metrics'!$H$19 -> <#dbvalue(2_Equipment_OSBL_Data;15;"MH";)> | QL2: ='Project Direct Metrics'!$H$20 -> <#dbvalue(2_Equipment_OSBL_Data;16;"MH";)> | QM2: ='Project Direct Metrics'!$H$21 -> <#dbvalue(2_Equipment_OSBL_Data;17;"MH";)> | QN2: ='Project Direct Metrics'!$H$22 -> <#dbvalue(2_Equipment_OSBL_Data;18;"MH";)> | QO2: ='Project Direct Metrics'!$H$23 -> <#dbvalue(2_Equipment_OSBL_Data;19;"MH";)> | QP2: ='Project Direct Metrics'!$H$24 -> <#dbvalue(2_Equipment_OSBL_Data;20;"MH";)> | QQ2: ='Project Direct Metrics'!$H$25 -> <#dbvalue(2_Equipment_OSBL_Data;21;"MH";)> | QR2: ='Project Direct Metrics'!$H$26 -> <#dbvalue(2_Equipment_OSBL_Data;22;"MH";)> | QS2: ='Project Direct Metrics'!$G$30 -> <#dbvalue(3_Piping_ISBL_Data;0;"MH";)> | QT2: ='Project Direct Metrics'!$G$31 -> <#dbvalue(3_Piping_ISBL_Data;1;"MH";)> | QU2: ='Project Direct Metrics'!$G$32 -> <#dbvalue(3_Piping_ISBL_Data;2;"MH";)> | QV2: ='Project Direct Metrics'!$G$33 -> <#dbvalue(3_Piping_ISBL_Data;3;"MH";)> | QW2: ='Project Direct Metrics'!$G$34 -> <#dbvalue(3_Piping_ISBL_Data;4;"MH";)> | QX2: ='Project Direct Metrics'!$G$35 -> <#dbvalue(3_Piping_ISBL_Data;5;"MH";)> | QY2: ='Project Direct Metrics'!$G$36 -> <#dbvalue(3_Piping_ISBL_Data;6;"MH";)> | QZ2: ='Project Direct Metrics'!$G$37 -> <#dbvalue(3_Piping_ISBL_Data;7;"MH";)> | RA2: ='Project Direct Metrics'!$G$38 -> <#dbvalue(3_Piping_ISBL_Data;8;"MH";)> | RB2: ='Project Direct Metrics'!$G$39 -> <#dbvalue(3_Piping_ISBL_Data;9;"MH";)> | RC2: ='Project Direct Metrics'!$G$40 -> <#dbvalue(3_Piping_ISBL_Data;10;"MH";)> | RD2: ='Project Direct Metrics'!$G$41 -> <#dbvalue(3_Piping_ISBL_Data;11;"MH";)> | RE2: ='Project Direct Metrics'!$G$42 -> <#dbvalue(3_Piping_ISBL_Data;12;"MH";)> | RF2: ='Project Direct Metrics'!$G$43 -> <#dbvalue(3_Piping_ISBL_Data;13;"MH";)> | RG2: ='Project Direct Metrics'!$G$44 -> <#dbvalue(3_Piping_ISBL_Data;14;"MH";)> | RH2: ='Project Direct Metrics'!$G$45 -> <#dbvalue(3_Piping_ISBL_Data;15;"MH";)> | RI2: ='Project Direct Metrics'!$G$46 -> <#dbvalue(3_Piping_ISBL_Data;16;"MH";)> | RJ2: ='Project Direct Metrics'!$G$50 -> <#dbvalue(3_PipingByInstall_ISBL_Data;0;"MH";)> | RK2: ='Project Direct Metrics'!$G$51 -> <#dbvalue(3_PipingByInstall_ISBL_Data;1;"MH";)> | RL2: ='Project Direct Metrics'!$G$54 -> <#dbvalue(3_PipingBySize_ISBL_Data;0;"MH";)> | RM2: ='Project Direct Metrics'!$G$55 -> <#dbvalue(3_PipingBySize_ISBL_Data;1;"MH";)> | RN2: ='Project Direct Metrics'!$G$56 -> <#dbvalue(3_PipingBySize_ISBL_Data;2;"MH";)> | RO2: ='Project Direct Metrics'!$G$57 -> <#dbvalue(3_PipingBySize_ISBL_Data;3;"MH";)> | RP2: ='Project Direct Metrics'!$G$58 -> <#dbvalue(3_PipingBySize_ISBL_Data;4;"MH";)> | RQ2: ='Project Direct Metrics'!$H$30 -> <#dbvalue(3_Piping_OSBL_Data;0;"MH";)> | RR2: ='Project Direct Metrics'!$H$31 -> <#dbvalue(3_Piping_OSBL_Data;1;"MH";)> | RS2: ='Project Direct Metrics'!$H$32 -> <#dbvalue(3_Piping_OSBL_Data;2;"MH";)> | RT2: ='Project Direct Metrics'!$H$33 -> <#dbvalue(3_Piping_OSBL_Data;3;"MH";)> | RU2: ='Project Direct Metrics'!$H$34 -> <#dbvalue(3_Piping_OSBL_Data;4;"MH";)> | RV2: ='Project Direct Metrics'!$H$35 -> <#dbvalue(3_Piping_OSBL_Data;5;"MH";)> | RW2: ='Project Direct Metrics'!$H$36 -> <#dbvalue(3_Piping_OSBL_Data;6;"MH";)> | RX2: ='Project Direct Metrics'!$H$37 -> <#dbvalue(3_Piping_OSBL_Data;7;"MH";)> | RY2: ='Project Direct Metrics'!$H$38 -> <#dbvalue(3_Piping_OSBL_Data;8;"MH";)> | RZ2: ='Project Direct Metrics'!$H$39 -> <#dbvalue(3_Piping_OSBL_Data;9;"MH";)> | SA2: ='Project Direct Metrics'!$H$40 -> <#dbvalue(3_Piping_OSBL_Data;10;"MH";)> | SB2: ='Project Direct Metrics'!$H$41 -> <#dbvalue(3_Piping_OSBL_Data;11;"MH";)> | SC2: ='Project Direct Metrics'!$H$42 -> <#dbvalue(3_Piping_OSBL_Data;12;"MH";)> | SD2: ='Project Direct Metrics'!$H$43 -> <#dbvalue(3_Piping_OSBL_Data;13;"MH";)> | SE2: ='Project Direct Metrics'!$H$44 -> <#dbvalue(3_Piping_OSBL_Data;14;"MH";)> | SF2: ='Project Direct Metrics'!$H$45 -> <#dbvalue(3_Piping_OSBL_Data;15;"MH";)> | SG2: ='Project Direct Metrics'!$H$46 -> <#dbvalue(3_Piping_OSBL_Data;16;"MH";)> | SH2: ='Project Direct Metrics'!$H$50 -> <#dbvalue(3_PipingByInstall_OSBL_Data;0;"MH";)> | SI2: ='Project Direct Metrics'!$H$51 -> <#dbvalue(3_PipingByInstall_OSBL_Data;1;"MH";)> | SJ2: ='Project Direct Metrics'!$H$54 -> <#dbvalue(3_PipingBySize_OSBL_Data;0;"MH";)> | SK2: ='Project Direct Metrics'!$H$55 -> <#dbvalue(3_PipingBySize_OSBL_Data;1;"MH";)> | SL2: ='Project Direct Metrics'!$H$56 -> <#dbvalue(3_PipingBySize_OSBL_Data;2;"MH";)> | SM2: ='Project Direct Metrics'!$H$57 -> <#dbvalue(3_PipingBySize_OSBL_Data;3;"MH";)> | SN2: ='Project Direct Metrics'!$H$58 -> <#dbvalue(3_PipingBySize_OSBL_Data;4;"MH";)> | SO2: ='Project Direct Metrics'!$G$61 -> <#dbvalue(4_Civil_ISBL_Data;0;"MH";)> | SP2: ='Project Direct Metrics'!$G$62 -> <#dbvalue(4_Civil_ISBL_Data;1;"MH";)> | SQ2: ='Project Direct Metrics'!$G$63 -> <#dbvalue(4_Civil_ISBL_Data;2;"MH";)> | SR2: ='Project Direct Metrics'!$G$64 -> <#dbvalue(4_Civil_ISBL_Data;3;"MH";)> | SS2: ='Project Direct Metrics'!$G$65 -> <#dbvalue(4_Civil_ISBL_Data;4;"MH";)> | ST2: ='Project Direct Metrics'!$G$66 -> <#dbvalue(4_Civil_ISBL_Data;5;"MH";)> | SU2: ='Project Direct Metrics'!$G$67 -> <#dbvalue(4_Civil_ISBL_Data;6;"MH";)> | SV2: ='Project Direct Metrics'!$G$68 -> <#dbvalue(4_Civil_ISBL_Data;7;"MH";)> | SW2: ='Project Direct Metrics'!$G$69 -> <#dbvalue(4_Civil_ISBL_Data;8;"MH";)> | SX2: ='Project Direct Metrics'!$G$70 -> <#dbvalue(4_Civil_ISBL_Data;9;"MH";)> | SY2: ='Project Direct Metrics'!$G$71 -> <#dbvalue(4_Civil_ISBL_Data;10;"MH";)> | SZ2: ='Project Direct Metrics'!$H$61 -> <#dbvalue(4_Civil_OSBL_Data;0;"MH";)> | TA2: ='Project Direct Metrics'!$H$62 -> <#dbvalue(4_Civil_OSBL_Data;1;"MH";)> | TB2: ='Project Direct Metrics'!$H$63 -> <#dbvalue(4_Civil_OSBL_Data;2;"MH";)> | TC2: ='Project Direct Metrics'!$H$64 -> <#dbvalue(4_Civil_OSBL_Data;3;"MH";)> | TD2: ='Project Direct Metrics'!$H$65 -> <#dbvalue(4_Civil_OSBL_Data;4;"MH";)> | TE2: ='Project Direct Metrics'!$H$66 -> <#dbvalue(4_Civil_OSBL_Data;5;"MH";)> | TF2: ='Project Direct Metrics'!$H$67 -> <#dbvalue(4_Civil_OSBL_Data;6;"MH";)> | TG2: ='Project Direct Metrics'!$H$68 -> <#dbvalue(4_Civil_OSBL_Data;7;"MH";)> | TH2: ='Project Direct Metrics'!$H$69 -> <#dbvalue(4_Civil_OSBL_Data;8;"MH";)> | TI2: ='Project Direct Metrics'!$H$70 -> <#dbvalue(4_Civil_OSBL_Data;9;"MH";)> | TJ2: ='Project Direct Metrics'!$H$71 -> <#dbvalue(4_Civil_OSBL_Data;10;"MH";)> | TK2: ='Project Direct Metrics'!$G$75 -> <#dbvalue(5_Steel_ISBL_Data;0;"MH";)> | TL2: ='Project Direct Metrics'!$G$76 -> <#dbvalue(5_Steel_ISBL_Data;1;"MH";)> | TM2: ='Project Direct Metrics'!$G$77 -> <#dbvalue(5_Steel_ISBL_Data;2;"MH";)> | TN2: ='Project Direct Metrics'!$G$78 -> <#dbvalue(5_Steel_ISBL_Data;3;"MH";)> | TO2: ='Project Direct Metrics'!$G$79 -> <#dbvalue(5_Steel_ISBL_Data;4;"MH";)> | TP2: ='Project Direct Metrics'!$G$80 -> <#dbvalue(5_Steel_ISBL_Data;5;"MH";)> | TQ2: ='Project Direct Metrics'!$G$81 -> <#dbvalue(5_Steel_ISBL_Data;6;"MH";)> | TR2: ='Project Direct Metrics'!$G$82 -> <#dbvalue(5_Steel_ISBL_Data;7;"MH";)> | TS2: ='Project Direct Metrics'!$H$75 -> <#dbvalue(5_Steel_OSBL_Data;0;"MH";)> | TT2: ='Project Direct Metrics'!$H$76 -> <#dbvalue(5_Steel_OSBL_Data;1;"MH";)> | TU2: ='Project Direct Metrics'!$H$77 -> <#dbvalue(5_Steel_OSBL_Data;2;"MH";)> | TV2: ='Project Direct Metrics'!$H$78 -> <#dbvalue(5_Steel_OSBL_Data;3;"MH";)> | TW2: ='Project Direct Metrics'!$H$79 -> <#dbvalue(5_Steel_OSBL_Data;4;"MH";)> | TX2: ='Project Direct Metrics'!$H$80 -> <#dbvalue(5_Steel_OSBL_Data;5;"MH";)> | TY2: ='Project Direct Metrics'!$H$81 -> <#dbvalue(5_Steel_OSBL_Data;6;"MH";)> | TZ2: ='Project Direct Metrics'!$H$82 -> <#dbvalue(5_Steel_OSBL_Data;7;"MH";)> | UA2: ='Project Direct Metrics'!$G$86 -> <#dbvalue(6_Instrumentation_ISBL_Data;0;"MH";)> | UB2: ='Project Direct Metrics'!$G$87 -> <#dbvalue(6_Instrumentation_ISBL_Data;1;"MH";)> | UC2: ='Project Direct Metrics'!$G$88 -> <#dbvalue(6_Instrumentation_ISBL_Data;2;"MH";)> | UD2: ='Project Direct Metrics'!$G$89 -> <#dbvalue(6_Instrumentation_ISBL_Data;3;"MH";)> | UE2: ='Project Direct Metrics'!$G$90 -> <#dbvalue(6_Instrumentation_ISBL_Data;4;"MH";)> | UF2: ='Project Direct Metrics'!$G$91 -> <#dbvalue(6_Instrumentation_ISBL_Data;5;"MH";)> | UG2: ='Project Direct Metrics'!$G$92 -> <#dbvalue(6_Instrumentation_ISBL_Data;6;"MH";)> | UH2: ='Project Direct Metrics'!$G$93 -> <#dbvalue(6_Instrumentation_ISBL_Data;7;"MH";)> | UI2: ='Project Direct Metrics'!$G$94 -> <#dbvalue(6_Instrumentation_ISBL_Data;8;"MH";)> | UJ2: ='Project Direct Metrics'!$G$95 -> <#dbvalue(6_Instrumentation_ISBL_Data;9;"MH";)> | UK2: ='Project Direct Metrics'!$H$86 -> <#dbvalue(6_Instrumentation_OSBL_Data;0;"MH";)> | UL2: ='Project Direct Metrics'!$H$87 -> <#dbvalue(6_Instrumentation_OSBL_Data;1;"MH";)> | UM2: ='Project Direct Metrics'!$H$88 -> <#dbvalue(6_Instrumentation_OSBL_Data;2;"MH";)> | UN2: ='Project Direct Metrics'!$H$89 -> <#dbvalue(6_Instrumentation_OSBL_Data;3;"MH";)> | UO2: ='Project Direct Metrics'!$H$90 -> <#dbvalue(6_Instrumentation_OSBL_Data;4;"MH";)> | UP2: ='Project Direct Metrics'!$H$91 -> <#dbvalue(6_Instrumentation_OSBL_Data;5;"MH";)> | UQ2: ='Project Direct Metrics'!$H$92 -> <#dbvalue(6_Instrumentation_OSBL_Data;6;"MH";)> | UR2: ='Project Direct Metrics'!$H$93 -> <#dbvalue(6_Instrumentation_OSBL_Data;7;"MH";)> | US2: ='Project Direct Metrics'!$H$94 -> <#dbvalue(6_Instrumentation_OSBL_Data;8;"MH";)> | UT2: ='Project Direct Metrics'!$H$95 -> <#dbvalue(6_Instrumentation_OSBL_Data;9;"MH";)> | UU2: ='Project Direct Metrics'!$G$99 -> <#dbvalue(7_Electrical_ISBL_Data;0;"MH";)> | UV2: ='Project Direct Metrics'!$G$100 -> <#dbvalue(7_Electrical_ISBL_Data;1;"MH";)> | UW2: ='Project Direct Metrics'!$G$101 -> <#dbvalue(7_Electrical_ISBL_Data;2;"MH";)> | UX2: ='Project Direct Metrics'!$G$102 -> <#dbvalue(7_Electrical_ISBL_Data;3;"MH";)> | UY2: ='Project Direct Metrics'!$G$103 -> <#dbvalue(7_Electrical_ISBL_Data;4;"MH";)> | UZ2: ='Project Direct Metrics'!$G$104 -> <#dbvalue(7_Electrical_ISBL_Data;5;"MH";)> | VA2: ='Project Direct Metrics'!$G$105 -> <#dbvalue(7_Electrical_ISBL_Data;6;"MH";)> | VB2: ='Project Direct Metrics'!$G$106 -> <#dbvalue(7_Electrical_ISBL_Data;7;"MH";)> | VC2: ='Project Direct Metrics'!$G$107 -> <#dbvalue(7_Electrical_ISBL_Data;8;"MH";)> | VD2: ='Project Direct Metrics'!$G$108 -> <#dbvalue(7_Electrical_ISBL_Data;9;"MH";)> | VE2: ='Project Direct Metrics'!$G$109 -> <#dbvalue(7_Electrical_ISBL_Data;10;"MH";)> | VF2: ='Project Direct Metrics'!$G$110 -> <#dbvalue(7_Electrical_ISBL_Data;11;"MH";)> | VG2: ='Project Direct Metrics'!$G$111 -> <#dbvalue(7_Electrical_ISBL_Data;12;"MH";)> | VH2: ='Project Direct Metrics'!$G$115 -> <#dbvalue(7_ElectricalByInstall_ISBL_Data;0;"MH";)> | VI2: ='Project Direct Metrics'!$G$116 -> <#dbvalue(7_ElectricalByInstall_ISBL_Data;1;"MH";)> | VJ2: ='Project Direct Metrics'!$H$99 -> <#dbvalue(7_Electrical_OSBL_Data;0;"MH";)> | VK2: ='Project Direct Metrics'!$H$100 -> <#dbvalue(7_Electrical_OSBL_Data;1;"MH";)> | VL2: ='Project Direct Metrics'!$H$101 -> <#dbvalue(7_Electrical_OSBL_Data;2;"MH";)> | VM2: ='Project Direct Metrics'!$H$102 -> <#dbvalue(7_Electrical_OSBL_Data;3;"MH";)> | VN2: ='Project Direct Metrics'!$H$103 -> <#dbvalue(7_Electrical_OSBL_Data;4;"MH";)> | VO2: ='Project Direct Metrics'!$H$104 -> <#dbvalue(7_Electrical_OSBL_Data;5;"MH";)> | VP2: ='Project Direct Metrics'!$H$105 -> <#dbvalue(7_Electrical_OSBL_Data;6;"MH";)> | VQ2: ='Project Direct Metrics'!$H$106 -> <#dbvalue(7_Electrical_OSBL_Data;7;"MH";)> | VR2: ='Project Direct Metrics'!$H$107 -> <#dbvalue(7_Electrical_OSBL_Data;8;"MH";)> | VS2: ='Project Direct Metrics'!$H$108 -> <#dbvalue(7_Electrical_OSBL_Data;9;"MH";)> | VT2: ='Project Direct Metrics'!$H$109 -> <#dbvalue(7_Electrical_OSBL_Data;10;"MH";)> | VU2: ='Project Direct Metrics'!$H$110 -> <#dbvalue(7_Electrical_OSBL_Data;11;"MH";)> | VV2: ='Project Direct Metrics'!$H$111 -> <#dbvalue(7_Electrical_OSBL_Data;12;"MH";)> | VW2: ='Project Direct Metrics'!$H$115 -> <#dbvalue(7_ElectricalByInstall_OSBL_Data;0;"MH";)> | VX2: ='Project Direct Metrics'!$H$116 -> <#dbvalue(7_ElectricalByInstall_OSBL_Data;1;"MH";)> | VY2: ='Project Direct Metrics'!$G$119 -> <#dbvalue(8_Insulation_ISBL_Data;0;"MH";)> | VZ2: ='Project Direct Metrics'!$G$120 -> <#dbvalue(8_Insulation_ISBL_Data;1;"MH";)> | WA2: ='Project Direct Metrics'!$G$121 -> <#dbvalue(8_Insulation_ISBL_Data;2;"MH";)> | WB2: ='Project Direct Metrics'!$G$122 -> <#dbvalue(8_Insulation_ISBL_Data;3;"MH";)> | WC2: ='Project Direct Metrics'!$G$123 -> <#dbvalue(8_Insulation_ISBL_Data;4;"MH";)> | WD2: ='Project Direct Metrics'!$G$124 -> <#dbvalue(8_Insulation_ISBL_Data;5;"MH";)> | WE2: ='Project Direct Metrics'!$H$119 -> <#dbvalue(8_Insulation_OSBL_Data;0;"MH";)> | WF2: ='Project Direct Metrics'!$H$120 -> <#dbvalue(8_Insulation_OSBL_Data;1;"MH";)> | WG2: ='Project Direct Metrics'!$H$121 -> <#dbvalue(8_Insulation_OSBL_Data;2;"MH";)> | WH2: ='Project Direct Metrics'!$H$122 -> <#dbvalue(8_Insulation_OSBL_Data;3;"MH";)> | WI2: ='Project Direct Metrics'!$H$123 -> <#dbvalue(8_Insulation_OSBL_Data;4;"MH";)> | WJ2: ='Project Direct Metrics'!$H$124 -> <#dbvalue(8_Insulation_OSBL_Data;5;"MH";)> | WK2: ='Project Direct Metrics'!$G$128 -> <#dbvalue(9_Paint_ISBL_Data;0;"MH";)> | WL2: ='Project Direct Metrics'!$G$129 -> <#dbvalue(9_Paint_ISBL_Data;1;"MH";)> | WM2: ='Project Direct Metrics'!$G$130 -> <#dbvalue(9_Paint_ISBL_Data;2;"MH";)> | WN2: ='Project Direct Metrics'!$G$131 -> <#dbvalue(9_Paint_ISBL_Data;3;"MH";)> | WO2: ='Project Direct Metrics'!$G$132 -> <#dbvalue(9_Paint_ISBL_Data;4;"MH";)> | WP2: ='Project Direct Metrics'!$G$133 -> <#dbvalue(9_Paint_ISBL_Data;5;"MH";)> | WQ2: ='Project Direct Metrics'!$G$134 -> <#dbvalue(9_Paint_ISBL_Data;6;"MH";)> | WR2: ='Project Direct Metrics'!$H$128 -> <#dbvalue(9_Paint_OSBL_Data;0;"MH";)> | WS2: ='Project Direct Metrics'!$H$129 -> <#dbvalue(9_Paint_OSBL_Data;1;"MH";)> | WT2: ='Project Direct Metrics'!$H$130 -> <#dbvalue(9_Paint_OSBL_Data;2;"MH";)> | WU2: ='Project Direct Metrics'!$H$131 -> <#dbvalue(9_Paint_OSBL_Data;3;"MH";)> | WV2: ='Project Direct Metrics'!$H$132 -> <#dbvalue(9_Paint_OSBL_Data;4;"MH";)> | WW2: ='Project Direct Metrics'!$H$133 -> <#dbvalue(9_Paint_OSBL_Data;5;"MH";)> | WX2: ='Project Direct Metrics'!$H$134 -> <#dbvalue(9_Paint_OSBL_Data;6;"MH";)> | WY2: ='Project Direct Metrics'!$I$4 -> <#dbvalue(2_Equipment_ISBL_Data;0;"Labor";)> | WZ2: ='Project Direct Metrics'!$I$5 -> <#dbvalue(2_Equipment_ISBL_Data;1;"Labor";)> | XA2: ='Project Direct Metrics'!$I$6 -> <#dbvalue(2_Equipment_ISBL_Data;2;"Labor";)> | XB2: ='Project Direct Metrics'!$I$7 -> <#dbvalue(2_Equipment_ISBL_Data;3;"Labor";)> | XC2: ='Project Direct Metrics'!$I$8 -> <#dbvalue(2_Equipment_ISBL_Data;4;"Labor";)> | XD2: ='Project Direct Metrics'!$I$9 -> <#dbvalue(2_Equipment_ISBL_Data;5;"Labor";)> | XE2: ='Project Direct Metrics'!$I$10 -> <#dbvalue(2_Equipment_ISBL_Data;6;"Labor";)> | XF2: ='Project Direct Metrics'!$I$11 -> <#dbvalue(2_Equipment_ISBL_Data;7;"Labor";)> | XG2: ='Project Direct Metrics'!$I$12 -> <#dbvalue(2_Equipment_ISBL_Data;8;"Labor";)> | XH2: ='Project Direct Metrics'!$I$13 -> <#dbvalue(2_Equipment_ISBL_Data;9;"Labor";)> | XI2: ='Project Direct Metrics'!$I$14 -> <#dbvalue(2_Equipment_ISBL_Data;10;"Labor";)> | XJ2: ='Project Direct Metrics'!$I$15 -> <#dbvalue(2_Equipment_ISBL_Data;11;"Labor";)> | XK2: ='Project Direct Metrics'!$I$16 -> <#dbvalue(2_Equipment_ISBL_Data;12;"Labor";)> | XL2: ='Project Direct Metrics'!$I$17 -> <#dbvalue(2_Equipment_ISBL_Data;13;"Labor";)> | XM2: ='Project Direct Metrics'!$I$18 -> <#dbvalue(2_Equipment_ISBL_Data;14;"Labor";)> | XN2: ='Project Direct Metrics'!$I$19 -> <#dbvalue(2_Equipment_ISBL_Data;15;"Labor";)> | XO2: ='Project Direct Metrics'!$I$20 -> <#dbvalue(2_Equipment_ISBL_Data;16;"Labor";)> | XP2: ='Project Direct Metrics'!$I$21 -> <#dbvalue(2_Equipment_ISBL_Data;17;"Labor";)> | XQ2: ='Project Direct Metrics'!$I$22 -> <#dbvalue(2_Equipment_ISBL_Data;18;"Labor";)> | XR2: ='Project Direct Metrics'!$I$23 -> <#dbvalue(2_Equipment_ISBL_Data;19;"Labor";)> | XS2: ='Project Direct Metrics'!$I$24 -> <#dbvalue(2_Equipment_ISBL_Data;20;"Labor";)> | XT2: ='Project Direct Metrics'!$I$25 -> <#dbvalue(2_Equipment_ISBL_Data;21;"Labor";)> | XU2: ='Project Direct Metrics'!$I$26 -> <#dbvalue(2_Equipment_ISBL_Data;22;"Labor";)> | XV2: ='Project Direct Metrics'!$J$4 -> <#dbvalue(2_Equipment_OSBL_Data;0;"Labor";)> | XW2: ='Project Direct Metrics'!$J$5 -> <#dbvalue(2_Equipment_OSBL_Data;1;"Labor";)> | XX2: ='Project Direct Metrics'!$J$6 -> <#dbvalue(2_Equipment_OSBL_Data;2;"Labor";)> | XY2: ='Project Direct Metrics'!$J$7 -> <#dbvalue(2_Equipment_OSBL_Data;3;"Labor";)> | XZ2: ='Project Direct Metrics'!$J$8 -> <#dbvalue(2_Equipment_OSBL_Data;4;"Labor";)> | YA2: ='Project Direct Metrics'!$J$9 -> <#dbvalue(2_Equipment_OSBL_Data;5;"Labor";)> | YB2: ='Project Direct Metrics'!$J$10 -> <#dbvalue(2_Equipment_OSBL_Data;6;"Labor";)> | YC2: ='Project Direct Metrics'!$J$11 -> <#dbvalue(2_Equipment_OSBL_Data;7;"Labor";)> | YD2: ='Project Direct Metrics'!$J$12 -> <#dbvalue(2_Equipment_OSBL_Data;8;"Labor";)> | YE2: ='Project Direct Metrics'!$J$13 -> <#dbvalue(2_Equipment_OSBL_Data;9;"Labor";)> | YF2: ='Project Direct Metrics'!$J$14 -> <#dbvalue(2_Equipment_OSBL_Data;10;"Labor";)> | YG2: ='Project Direct Metrics'!$J$15 -> <#dbvalue(2_Equipment_OSBL_Data;11;"Labor";)> | YH2: ='Project Direct Metrics'!$J$16 -> <#dbvalue(2_Equipment_OSBL_Data;12;"Labor";)> | YI2: ='Project Direct Metrics'!$J$17 -> <#dbvalue(2_Equipment_OSBL_Data;13;"Labor";)> | YJ2: ='Project Direct Metrics'!$J$18 -> <#dbvalue(2_Equipment_OSBL_Data;14;"Labor";)> | YK2: ='Project Direct Metrics'!$J$19 -> <#dbvalue(2_Equipment_OSBL_Data;15;"Labor";)> | YL2: ='Project Direct Metrics'!$J$20 -> <#dbvalue(2_Equipment_OSBL_Data;16;"Labor";)> | YM2: ='Project Direct Metrics'!$J$21 -> <#dbvalue(2_Equipment_OSBL_Data;17;"Labor";)> | YN2: ='Project Direct Metrics'!$J$22 -> <#dbvalue(2_Equipment_OSBL_Data;18;"Labor";)> | YO2: ='Project Direct Metrics'!$J$23 -> <#dbvalue(2_Equipment_OSBL_Data;19;"Labor";)> | YP2: ='Project Direct Metrics'!$J$24 -> <#dbvalue(2_Equipment_OSBL_Data;20;"Labor";)> | YQ2: ='Project Direct Metrics'!$J$25 -> <#dbvalue(2_Equipment_OSBL_Data;21;"Labor";)> | YR2: ='Project Direct Metrics'!$J$26 -> <#dbvalue(2_Equipment_OSBL_Data;22;"Labor";)> | YS2: ='Project Direct Metrics'!$I$30 -> <#dbvalue(3_Piping_ISBL_Data;0;"Labor";)> | YT2: ='Project Direct Metrics'!$I$31 -> <#dbvalue(3_Piping_ISBL_Data;1;"Labor";)> | YU2: ='Project Direct Metrics'!$I$32 -> <#dbvalue(3_Piping_ISBL_Data;2;"Labor";)> | YV2: ='Project Direct Metrics'!$I$33 -> <#dbvalue(3_Piping_ISBL_Data;3;"Labor";)> | YW2: ='Project Direct Metrics'!$I$34 -> <#dbvalue(3_Piping_ISBL_Data;4;"Labor";)> | YX2: ='Project Direct Metrics'!$I$35 -> <#dbvalue(3_Piping_ISBL_Data;5;"Labor";)> | YY2: ='Project Direct Metrics'!$I$36 -> <#dbvalue(3_Piping_ISBL_Data;6;"Labor";)> | YZ2: ='Project Direct Metrics'!$I$37 -> <#dbvalue(3_Piping_ISBL_Data;7;"Labor";)> | ZA2: ='Project Direct Metrics'!$I$38 -> <#dbvalue(3_Piping_ISBL_Data;8;"Labor";)> | ZB2: ='Project Direct Metrics'!$I$39 -> <#dbvalue(3_Piping_ISBL_Data;9;"Labor";)> | ZC2: ='Project Direct Metrics'!$I$40 -> <#dbvalue(3_Piping_ISBL_Data;10;"Labor";)> | ZD2: ='Project Direct Metrics'!$I$41 -> <#dbvalue(3_Piping_ISBL_Data;11;"Labor";)> | ZE2: ='Project Direct Metrics'!$I$42 -> <#dbvalue(3_Piping_ISBL_Data;12;"Labor";)> | ZF2: ='Project Direct Metrics'!$I$43 -> <#dbvalue(3_Piping_ISBL_Data;13;"Labor";)> | ZG2: ='Project Direct Metrics'!$I$44 -> <#dbvalue(3_Piping_ISBL_Data;14;"Labor";)> | ZH2: ='Project Direct Metrics'!$I$45 -> <#dbvalue(3_Piping_ISBL_Data;15;"Labor";)> | ZI2: ='Project Direct Metrics'!$I$46 -> <#dbvalue(3_Piping_ISBL_Data;16;"Labor";)> | ZJ2: ='Project Direct Metrics'!$I$50 -> <#dbvalue(3_PipingByInstall_ISBL_Data;0;"Labor";)> | ZK2: ='Project Direct Metrics'!$I$51 -> <#dbvalue(3_PipingByInstall_ISBL_Data;1;"Labor";)> | ZL2: ='Project Direct Metrics'!$I$54 -> <#dbvalue(3_PipingBySize_ISBL_Data;0;"Labor";)> | ZM2: ='Project Direct Metrics'!$I$55 -> <#dbvalue(3_PipingBySize_ISBL_Data;1;"Labor";)> | ZN2: ='Project Direct Metrics'!$I$56 -> <#dbvalue(3_PipingBySize_ISBL_Data;2;"Labor";)> | ZO2: ='Project Direct Metrics'!$I$57 -> <#dbvalue(3_PipingBySize_ISBL_Data;3;"Labor";)> | ZP2: ='Project Direct Metrics'!$I$58 -> <#dbvalue(3_PipingBySize_ISBL_Data;4;"Labor";)> | ZQ2: ='Project Direct Metrics'!$J$30 -> <#dbvalue(3_Piping_OSBL_Data;0;"Labor";)> | ZR2: ='Project Direct Metrics'!$J$31 -> <#dbvalue(3_Piping_OSBL_Data;1;"Labor";)> | ZS2: ='Project Direct Metrics'!$J$32 -> <#dbvalue(3_Piping_OSBL_Data;2;"Labor";)> | ZT2: ='Project Direct Metrics'!$J$33 -> <#dbvalue(3_Piping_OSBL_Data;3;"Labor";)> | ZU2: ='Project Direct Metrics'!$J$34 -> <#dbvalue(3_Piping_OSBL_Data;4;"Labor";)> | ZV2: ='Project Direct Metrics'!$J$35 -> <#dbvalue(3_Piping_OSBL_Data;5;"Labor";)> | ZW2: ='Project Direct Metrics'!$J$36 -> <#dbvalue(3_Piping_OSBL_Data;6;"Labor";)> | ZX2: ='Project Direct Metrics'!$J$37 -> <#dbvalue(3_Piping_OSBL_Data;7;"Labor";)> | ZY2: ='Project Direct Metrics'!$J$38 -> <#dbvalue(3_Piping_OSBL_Data;8;"Labor";)> | ZZ2: ='Project Direct Metrics'!$J$39 -> <#dbvalue(3_Piping_OSBL_Data;9;"Labor";)> | AAA2: ='Project Direct Metrics'!$J$40 -> <#dbvalue(3_Piping_OSBL_Data;10;"Labor";)> | AAB2: ='Project Direct Metrics'!$J$41 -> <#dbvalue(3_Piping_OSBL_Data;11;"Labor";)> | AAC2: ='Project Direct Metrics'!$J$42 -> <#dbvalue(3_Piping_OSBL_Data;12;"Labor";)> | AAD2: ='Project Direct Metrics'!$J$43 -> <#dbvalue(3_Piping_OSBL_Data;13;"Labor";)> | AAE2: ='Project Direct Metrics'!$J$44 -> <#dbvalue(3_Piping_OSBL_Data;14;"Labor";)> | AAF2: ='Project Direct Metrics'!$J$45 -> <#dbvalue(3_Piping_OSBL_Data;15;"Labor";)> | AAG2: ='Project Direct Metrics'!$J$46 -> <#dbvalue(3_Piping_OSBL_Data;16;"Labor";)> | AAH2: ='Project Direct Metrics'!$J$50 -> <#dbvalue(3_PipingByInstall_OSBL_Data;0;"Labor";)> | AAI2: ='Project Direct Metrics'!$J$51 -> <#dbvalue(3_PipingByInstall_OSBL_Data;1;"Labor";)> | AAJ2: ='Project Direct Metrics'!$J$54 -> <#dbvalue(3_PipingBySize_OSBL_Data;0;"Labor";)> | AAK2: ='Project Direct Metrics'!$J$55 -> <#dbvalue(3_PipingBySize_OSBL_Data;1;"Labor";)> | AAL2: ='Project Direct Metrics'!$J$56 -> <#dbvalue(3_PipingBySize_OSBL_Data;2;"Labor";)> | AAM2: ='Project Direct Metrics'!$J$57 -> <#dbvalue(3_PipingBySize_OSBL_Data;3;"Labor";)> | AAN2: ='Project Direct Metrics'!$J$58 -> <#dbvalue(3_PipingBySize_OSBL_Data;4;"Labor";)> | AAO2: ='Project Direct Metrics'!$I$61 -> <#dbvalue(4_Civil_ISBL_Data;0;"Labor";)> | AAP2: ='Project Direct Metrics'!$I$62 -> <#dbvalue(4_Civil_ISBL_Data;1;"Labor";)> | AAQ2: ='Project Direct Metrics'!$I$63 -> <#dbvalue(4_Civil_ISBL_Data;2;"Labor";)> | AAR2: ='Project Direct Metrics'!$I$64 -> <#dbvalue(4_Civil_ISBL_Data;3;"Labor";)> | AAS2: ='Project Direct Metrics'!$I$65 -> <#dbvalue(4_Civil_ISBL_Data;4;"Labor";)> | AAT2: ='Project Direct Metrics'!$I$66 -> <#dbvalue(4_Civil_ISBL_Data;5;"Labor";)> | AAU2: ='Project Direct Metrics'!$I$67 -> <#dbvalue(4_Civil_ISBL_Data;6;"Labor";)> | AAV2: ='Project Direct Metrics'!$I$68 -> <#dbvalue(4_Civil_ISBL_Data;7;"Labor";)> | AAW2: ='Project Direct Metrics'!$I$69 -> <#dbvalue(4_Civil_ISBL_Data;8;"Labor";)> | AAX2: ='Project Direct Metrics'!$I$70 -> <#dbvalue(4_Civil_ISBL_Data;9;"Labor";)> | AAY2: ='Project Direct Metrics'!$I$71 -> <#dbvalue(4_Civil_ISBL_Data;10;"Labor";)> | AAZ2: ='Project Direct Metrics'!$J$61 -> <#dbvalue(4_Civil_OSBL_Data;0;"Labor";)> | ABA2: ='Project Direct Metrics'!$J$62 -> <#dbvalue(4_Civil_OSBL_Data;1;"Labor";)> | ABB2: ='Project Direct Metrics'!$J$63 -> <#dbvalue(4_Civil_OSBL_Data;2;"Labor";)> | ABC2: ='Project Direct Metrics'!$J$64 -> <#dbvalue(4_Civil_OSBL_Data;3;"Labor";)> | ABD2: ='Project Direct Metrics'!$J$65 -> <#dbvalue(4_Civil_OSBL_Data;4;"Labor";)> | ABE2: ='Project Direct Metrics'!$J$66 -> <#dbvalue(4_Civil_OSBL_Data;5;"Labor";)> | ABF2: ='Project Direct Metrics'!$J$67 -> <#dbvalue(4_Civil_OSBL_Data;6;"Labor";)> | ABG2: ='Project Direct Metrics'!$J$68 -> <#dbvalue(4_Civil_OSBL_Data;7;"Labor";)> | ABH2: ='Project Direct Metrics'!$J$69 -> <#dbvalue(4_Civil_OSBL_Data;8;"Labor";)> | ABI2: ='Project Direct Metrics'!$J$70 -> <#dbvalue(4_Civil_OSBL_Data;9;"Labor";)> | ABJ2: ='Project Direct Metrics'!$J$71 -> <#dbvalue(4_Civil_OSBL_Data;10;"Labor";)> | ABK2: ='Project Direct Metrics'!$I$75 -> <#dbvalue(5_Steel_ISBL_Data;0;"Labor";)> | ABL2: ='Project Direct Metrics'!$I$76 -> <#dbvalue(5_Steel_ISBL_Data;1;"Labor";)> | ABM2: ='Project Direct Metrics'!$I$77 -> <#dbvalue(5_Steel_ISBL_Data;2;"Labor";)> | ABN2: ='Project Direct Metrics'!$I$78 -> <#dbvalue(5_Steel_ISBL_Data;3;"Labor";)> | ABO2: ='Project Direct Metrics'!$I$79 -> <#dbvalue(5_Steel_ISBL_Data;4;"Labor";)> | ABP2: ='Project Direct Metrics'!$I$80 -> <#dbvalue(5_Steel_ISBL_Data;5;"Labor";)> | ABQ2: ='Project Direct Metrics'!$I$81 -> <#dbvalue(5_Steel_ISBL_Data;6;"Labor";)> | ABR2: ='Project Direct Metrics'!$I$82 -> <#dbvalue(5_Steel_ISBL_Data;7;"Labor";)> | ABS2: ='Project Direct Metrics'!$J$75 -> <#dbvalue(5_Steel_OSBL_Data;0;"Labor";)> | ABT2: ='Project Direct Metrics'!$J$76 -> <#dbvalue(5_Steel_OSBL_Data;1;"Labor";)> | ABU2: ='Project Direct Metrics'!$J$77 -> <#dbvalue(5_Steel_OSBL_Data;2;"Labor";)> | ABV2: ='Project Direct Metrics'!$J$78 -> <#dbvalue(5_Steel_OSBL_Data;3;"Labor";)> | ABW2: ='Project Direct Metrics'!$J$79 -> <#dbvalue(5_Steel_OSBL_Data;4;"Labor";)> | ABX2: ='Project Direct Metrics'!$J$80 -> <#dbvalue(5_Steel_OSBL_Data;5;"Labor";)> | ABY2: ='Project Direct Metrics'!$J$81 -> <#dbvalue(5_Steel_OSBL_Data;6;"Labor";)> | ABZ2: ='Project Direct Metrics'!$J$82 -> <#dbvalue(5_Steel_OSBL_Data;7;"Labor";)> | ACA2: ='Project Direct Metrics'!$I$86 -> <#dbvalue(6_Instrumentation_ISBL_Data;0;"Labor";)> | ACB2: ='Project Direct Metrics'!$I$87 -> <#dbvalue(6_Instrumentation_ISBL_Data;1;"Labor";)> | ACC2: ='Project Direct Metrics'!$I$88 -> <#dbvalue(6_Instrumentation_ISBL_Data;2;"Labor";)> | ACD2: ='Project Direct Metrics'!$I$89 -> <#dbvalue(6_Instrumentation_ISBL_Data;3;"Labor";)> | ACE2: ='Project Direct Metrics'!$I$90 -> <#dbvalue(6_Instrumentation_ISBL_Data;4;"Labor";)> | ACF2: ='Project Direct Metrics'!$I$91 -> <#dbvalue(6_Instrumentation_ISBL_Data;5;"Labor";)> | ACG2: ='Project Direct Metrics'!$I$92 -> <#dbvalue(6_Instrumentation_ISBL_Data;6;"Labor";)> | ACH2: ='Project Direct Metrics'!$I$93 -> <#dbvalue(6_Instrumentation_ISBL_Data;7;"Labor";)> | ACI2: ='Project Direct Metrics'!$I$94 -> <#dbvalue(6_Instrumentation_ISBL_Data;8;"Labor";)> | ACJ2: ='Project Direct Metrics'!$I$95 -> <#dbvalue(6_Instrumentation_ISBL_Data;9;"Labor";)> | ACK2: ='Project Direct Metrics'!$J$86 -> <#dbvalue(6_Instrumentation_OSBL_Data;0;"Labor";)> | ACL2: ='Project Direct Metrics'!$J$87 -> <#dbvalue(6_Instrumentation_OSBL_Data;1;"Labor";)> | ACM2: ='Project Direct Metrics'!$J$88 -> <#dbvalue(6_Instrumentation_OSBL_Data;2;"Labor";)> | ACN2: ='Project Direct Metrics'!$J$89 -> <#dbvalue(6_Instrumentation_OSBL_Data;3;"Labor";)> | ACO2: ='Project Direct Metrics'!$J$90 -> <#dbvalue(6_Instrumentation_OSBL_Data;4;"Labor";)> | ACP2: ='Project Direct Metrics'!$J$91 -> <#dbvalue(6_Instrumentation_OSBL_Data;5;"Labor";)> | ACQ2: ='Project Direct Metrics'!$J$92 -> <#dbvalue(6_Instrumentation_OSBL_Data;6;"Labor";)> | ACR2: ='Project Direct Metrics'!$J$93 -> <#dbvalue(6_Instrumentation_OSBL_Data;7;"Labor";)> | ACS2: ='Project Direct Metrics'!$J$94 -> <#dbvalue(6_Instrumentation_OSBL_Data;8;"Labor";)> | ACT2: ='Project Direct Metrics'!$J$95 -> <#dbvalue(6_Instrumentation_OSBL_Data;9;"Labor";)> | ACU2: ='Project Direct Metrics'!$I$99 -> <#dbvalue(7_Electrical_ISBL_Data;0;"Labor";)> | ACV2: ='Project Direct Metrics'!$I$100 -> <#dbvalue(7_Electrical_ISBL_Data;1;"Labor";)> | ACW2: ='Project Direct Metrics'!$I$101 -> <#dbvalue(7_Electrical_ISBL_Data;2;"Labor";)> | ACX2: ='Project Direct Metrics'!$I$102 -> <#dbvalue(7_Electrical_ISBL_Data;3;"Labor";)> | ACY2: ='Project Direct Metrics'!$I$103 -> <#dbvalue(7_Electrical_ISBL_Data;4;"Labor";)> | ACZ2: ='Project Direct Metrics'!$I$104 -> <#dbvalue(7_Electrical_ISBL_Data;5;"Labor";)> | ADA2: ='Project Direct Metrics'!$I$105 -> <#dbvalue(7_Electrical_ISBL_Data;6;"Labor";)> | ADB2: ='Project Direct Metrics'!$I$106 -> <#dbvalue(7_Electrical_ISBL_Data;7;"Labor";)> | ADC2: ='Project Direct Metrics'!$I$107 -> <#dbvalue(7_Electrical_ISBL_Data;8;"Labor";)> | ADD2: ='Project Direct Metrics'!$I$108 -> <#dbvalue(7_Electrical_ISBL_Data;9;"Labor";)> | ADE2: ='Project Direct Metrics'!$I$109 -> <#dbvalue(7_Electrical_ISBL_Data;10;"Labor";)> | ADF2: ='Project Direct Metrics'!$I$110 -> <#dbvalue(7_Electrical_ISBL_Data;11;"Labor";)> | ADG2: ='Project Direct Metrics'!$I$111 -> <#dbvalue(7_Electrical_ISBL_Data;12;"Labor";)> | ADH2: ='Project Direct Metrics'!$I$115 -> <#dbvalue(7_ElectricalByInstall_ISBL_Data;0;"Labor";)> | ADI2: ='Project Direct Metrics'!$I$116 -> <#dbvalue(7_ElectricalByInstall_ISBL_Data;1;"Labor";)> | ADJ2: ='Project Direct Metrics'!$J$99 -> <#dbvalue(7_Electrical_OSBL_Data;0;"Labor";)> | ADK2: ='Project Direct Metrics'!$J$100 -> <#dbvalue(7_Electrical_OSBL_Data;1;"Labor";)> | ADL2: ='Project Direct Metrics'!$J$101 -> <#dbvalue(7_Electrical_OSBL_Data;2;"Labor";)> | ADM2: ='Project Direct Metrics'!$J$102 -> <#dbvalue(7_Electrical_OSBL_Data;3;"Labor";)> | ADN2: ='Project Direct Metrics'!$J$103 -> <#dbvalue(7_Electrical_OSBL_Data;4;"Labor";)> | ADO2: ='Project Direct Metrics'!$J$104 -> <#dbvalue(7_Electrical_OSBL_Data;5;"Labor";)> | ADP2: ='Project Direct Metrics'!$J$105 -> <#dbvalue(7_Electrical_OSBL_Data;6;"Labor";)> | ADQ2: ='Project Direct Metrics'!$J$106 -> <#dbvalue(7_Electrical_OSBL_Data;7;"Labor";)> | ADR2: ='Project Direct Metrics'!$J$107 -> <#dbvalue(7_Electrical_OSBL_Data;8;"Labor";)> | ADS2: ='Project Direct Metrics'!$J$108 -> <#dbvalue(7_Electrical_OSBL_Data;9;"Labor";)> | ADT2: ='Project Direct Metrics'!$J$109 -> <#dbvalue(7_Electrical_OSBL_Data;10;"Labor";)> | ADU2: ='Project Direct Metrics'!$J$110 -> <#dbvalue(7_Electrical_OSBL_Data;11;"Labor";)> | ADV2: ='Project Direct Metrics'!$J$111 -> <#dbvalue(7_Electrical_OSBL_Data;12;"Labor";)> | ADW2: ='Project Direct Metrics'!$J$115 -> <#dbvalue(7_ElectricalByInstall_OSBL_Data;0;"Labor";)> | ADX2: ='Project Direct Metrics'!$J$116 -> <#dbvalue(7_ElectricalByInstall_OSBL_Data;1;"Labor";)> | ADY2: ='Project Direct Metrics'!$I$119 -> <#dbvalue(8_Insulation_ISBL_Data;0;"Labor";)> | ADZ2: ='Project Direct Metrics'!$I$120 -> <#dbvalue(8_Insulation_ISBL_Data;1;"Labor";)> | AEA2: ='Project Direct Metrics'!$I$121 -> <#dbvalue(8_Insulation_ISBL_Data;2;"Labor";)> | AEB2: ='Project Direct Metrics'!$I$122 -> <#dbvalue(8_Insulation_ISBL_Data;3;"Labor";)> | AEC2: ='Project Direct Metrics'!$I$123 -> <#dbvalue(8_Insulation_ISBL_Data;4;"Labor";)> | AED2: ='Project Direct Metrics'!$I$124 -> <#dbvalue(8_Insulation_ISBL_Data;5;"Labor";)> | AEE2: ='Project Direct Metrics'!$J$119 -> <#dbvalue(8_Insulation_OSBL_Data;0;"Labor";)> | AEF2: ='Project Direct Metrics'!$J$120 -> <#dbvalue(8_Insulation_OSBL_Data;1;"Labor";)> | AEG2: ='Project Direct Metrics'!$J$121 -> <#dbvalue(8_Insulation_OSBL_Data;2;"Labor";)> | AEH2: ='Project Direct Metrics'!$J$122 -> <#dbvalue(8_Insulation_OSBL_Data;3;"Labor";)> | AEI2: ='Project Direct Metrics'!$J$123 -> <#dbvalue(8_Insulation_OSBL_Data;4;"Labor";)> | AEJ2: ='Project Direct Metrics'!$J$124 -> <#dbvalue(8_Insulation_OSBL_Data;5;"Labor";)> | AEK2: ='Project Direct Metrics'!$I$128 -> <#dbvalue(9_Paint_ISBL_Data;0;"Labor";)> | AEL2: ='Project Direct Metrics'!$I$129 -> <#dbvalue(9_Paint_ISBL_Data;1;"Labor";)> | AEM2: ='Project Direct Metrics'!$I$130 -> <#dbvalue(9_Paint_ISBL_Data;2;"Labor";)> | AEN2: ='Project Direct Metrics'!$I$131 -> <#dbvalue(9_Paint_ISBL_Data;3;"Labor";)> | AEO2: ='Project Direct Metrics'!$I$132 -> <#dbvalue(9_Paint_ISBL_Data;4;"Labor";)> | AEP2: ='Project Direct Metrics'!$I$133 -> <#dbvalue(9_Paint_ISBL_Data;5;"Labor";)> | AEQ2: ='Project Direct Metrics'!$I$134 -> <#dbvalue(9_Paint_ISBL_Data;6;"Labor";)> | AER2: ='Project Direct Metrics'!$J$128 -> <#dbvalue(9_Paint_OSBL_Data;0;"Labor";)> | AES2: ='Project Direct Metrics'!$J$129 -> <#dbvalue(9_Paint_OSBL_Data;1;"Labor";)> | AET2: ='Project Direct Metrics'!$J$130 -> <#dbvalue(9_Paint_OSBL_Data;2;"Labor";)> | AEU2: ='Project Direct Metrics'!$J$131 -> <#dbvalue(9_Paint_OSBL_Data;3;"Labor";)> | AEV2: ='Project Direct Metrics'!$J$132 -> <#dbvalue(9_Paint_OSBL_Data;4;"Labor";)> | AEW2: ='Project Direct Metrics'!$J$133 -> <#dbvalue(9_Paint_OSBL_Data;5;"Labor";)> | AEX2: ='Project Direct Metrics'!$J$134 -> <#dbvalue(9_Paint_OSBL_Data;6;"Labor";)> | AEY2: <#dbvalue(TBL_0_ConstructionIndirects;0;"MH";)> | AEZ2: <#dbvalue(TBL_0_ConstructionIndirects;1;"MH";)> | AFA2: <#dbvalue(TBL_0_ConstructionIndirects;2;"MH";)> | AFB2: <#dbvalue(TBL_0_ConstructionIndirects;3;"MH";)> | AFC2: <#dbvalue(TBL_0_ConstructionIndirects;4;"MH";)> | AFD2: <#dbvalue(TBL_0_ConstructionIndirects;5;"MH";)> | AFE2: <#dbvalue(TBL_0_ConstructionIndirects;6;"MH";)> | AFF2: <#dbvalue(TBL_0_ConstructionIndirects;7;"MH";)> | AFG2: <#dbvalue(TBL_0_ConstructionIndirects;8;"MH";)> | AFH2: <#dbvalue(TBL_0_ConstructionIndirects;9;"MH";)> | AFI2: <#dbvalue(TBL_0_ConstructionIndirects;10;"MH";)> | AFJ2: <#dbvalue(TBL_0_ConstructionIndirects;11;"MH";)> | AFK2: <#dbvalue(TBL_0_ConstructionIndirects;12;"MH";)> | AFL2: <#dbvalue(TBL_0_ConstructionIndirects;13;"MH";)> | AFM2: ='Project Indirect Metrics'!$B$8 -> <#dbvalue(0_FieldOfficeIndirects;0;"MH";)> | AFN2: ='Project Indirect Metrics'!$B$9 -> <#dbvalue(0_FieldOfficeIndirects;1;"MH";)> | AFO2: ='Project Indirect Metrics'!$B$13 -> <#dbvalue(0_EngineeringAndProcurement;0;"MH";)> | AFP2: ='Project Indirect Metrics'!$B$14 -> <#dbvalue(0_EngineeringAndProcurement;1;"MH";)> | AFQ2: ='Project Indirect Metrics'!$B$15 -> <#dbvalue(0_EngineeringAndProcurement;2;"MH";)> | AFR2: ='Project Indirect Metrics'!$B$16 -> <#dbvalue(0_EngineeringAndProcurement;3;"MH";)> | AFS2: ='Project Indirect Metrics'!$B$17 -> <#dbvalue(0_EngineeringAndProcurement;4;"MH";)> | AFT2: ='Project Indirect Metrics'!$B$18 -> <#dbvalue(0_EngineeringAndProcurement;5;"MH";)> | AFU2: ='Project Indirect Metrics'!$B$22 -> <#dbvalue(0_FreightIndirects;0;"MH";)> | AFV2: ='Project Indirect Metrics'!$B$23 -> <#dbvalue(0_FreightIndirects;1;"MH";)> | AFW2: ='Project Indirect Metrics'!$B$24 -> <#dbvalue(0_FreightIndirects;2;"MH";)> | AFX2: ='Project Indirect Metrics'!$B$25 -> <#dbvalue(0_FreightIndirects;3;"MH";)> | AFY2: ='Project Indirect Metrics'!$B$26 -> <#dbvalue(0_FreightIndirects;4;"MH";)> | AFZ2: ='Project Indirect Metrics'!$B$27 -> <#dbvalue(0_FreightIndirects;5;"MH";)> | AGA2: ='Project Indirect Metrics'!$B$31 -> <#dbvalue(0_TaxesAndPermits;0;"MH";)> | AGB2: ='Project Indirect Metrics'!$B$32 -> <#dbvalue(0_TaxesAndPermits;1;"MH";)> | AGC2: ='Project Indirect Metrics'!$B$33 -> <#dbvalue(0_TaxesAndPermits;2;"MH";)> | AGD2: ='Project Indirect Metrics'!$B$34 -> <#dbvalue(0_TaxesAndPermits;3;"MH";)> | AGE2: ='Project Indirect Metrics'!$B$35 -> <#dbvalue(0_TaxesAndPermits;4;"MH";)> | AGF2: ='Project Indirect Metrics'!$B$36 -> <#dbvalue(0_TaxesAndPermits;5;"MH";)> | AGG2: ='Project Indirect Metrics'!$B$40 -> <#dbvalue(0_OtherIndirects;0;"MH";)> | AGH2: ='Project Indirect Metrics'!$B$41 -> <#dbvalue(0_OtherIndirects;1;"MH";)> | AGI2: ='Project Indirect Metrics'!$B$42 -> <#dbvalue(0_OtherIndirects;2;"MH";)> | AGJ2: ='Project Indirect Metrics'!$B$43 -> <#dbvalue(0_OtherIndirects;3;"MH";)> | AGK2: ='Project Indirect Metrics'!$B$44 -> <#dbvalue(0_OtherIndirects;4;"MH";)> | AGL2: ='Project Indirect Metrics'!$B$45 -> <#dbvalue(0_OtherIndirects;5;"MH";)> | AGM2: ='Project Indirect Metrics'!$B$49 -> <#dbvalue(0_EscalationAndContingency;0;"MH";)> | AGN2: ='Project Indirect Metrics'!$B$50 -> <#dbvalue(0_EscalationAndContingency;1;"MH";)> | AGO2: <#dbvalue(TBL_0_ConstructionIndirects;0;"Cost";)> | AGP2: <#dbvalue(TBL_0_ConstructionIndirects;1;"Cost";)> | AGQ2: <#dbvalue(TBL_0_ConstructionIndirects;2;"Cost";)> | AGR2: <#dbvalue(TBL_0_ConstructionIndirects;3;"Cost";)> | AGS2: <#dbvalue(TBL_0_ConstructionIndirects;4;"Cost";)> | AGT2: <#dbvalue(TBL_0_ConstructionIndirects;5;"Cost";)> | AGU2: <#dbvalue(TBL_0_ConstructionIndirects;6;"Cost";)> | AGV2: <#dbvalue(TBL_0_ConstructionIndirects;7;"Cost";)> | AGW2: <#dbvalue(TBL_0_ConstructionIndirects;8;"Cost";)> | AGX2: <#dbvalue(TBL_0_ConstructionIndirects;9;"Cost";)> | AGY2: <#dbvalue(TBL_0_ConstructionIndirects;10;"Cost";)> | AGZ2: <#dbvalue(TBL_0_ConstructionIndirects;11;"Cost";)> | AHA2: <#dbvalue(TBL_0_ConstructionIndirects;12;"Cost";)> | AHB2: <#dbvalue(TBL_0_ConstructionIndirects;13;"Cost";)> | AHC2: ='Project Indirect Metrics'!$C$8 -> <#dbvalue(0_FieldOfficeIndirects;0;"Cost";)> | AHD2: ='Project Indirect Metrics'!$C$9 -> <#dbvalue(0_FieldOfficeIndirects;1;"Cost";)> | AHE2: ='Project Indirect Metrics'!$C$13 -> <#dbvalue(0_EngineeringAndProcurement;0;"Cost";)> | AHF2: ='Project Indirect Metrics'!$C$14 -> <#dbvalue(0_EngineeringAndProcurement;1;"Cost";)> | AHG2: ='Project Indirect Metrics'!$C$15 -> <#dbvalue(0_EngineeringAndProcurement;2;"Cost";)> | AHH2: ='Project Indirect Metrics'!$C$16 -> <#dbvalue(0_EngineeringAndProcurement;3;"Cost";)> | AHI2: ='Project Indirect Metrics'!$C$17 -> <#dbvalue(0_EngineeringAndProcurement;4;"Cost";)> | AHJ2: ='Project Indirect Metrics'!$C$18 -> <#dbvalue(0_EngineeringAndProcurement;5;"Cost";)> | AHK2: ='Project Indirect Metrics'!$C$22 -> <#dbvalue(0_FreightIndirects;0;"Cost";)> | AHL2: ='Project Indirect Metrics'!$C$23 -> <#dbvalue(0_FreightIndirects;1;"Cost";)> | AHM2: ='Project Indirect Metrics'!$C$24 -> <#dbvalue(0_FreightIndirects;2;"Cost";)> | AHN2: ='Project Indirect Metrics'!$C$25 -> <#dbvalue(0_FreightIndirects;3;"Cost";)> | AHO2: ='Project Indirect Metrics'!$C$26 -> <#dbvalue(0_FreightIndirects;4;"Cost";)> | AHP2: ='Project Indirect Metrics'!$C$27 -> <#dbvalue(0_FreightIndirects;5;"Cost";)> | AHQ2: ='Project Indirect Metrics'!$C$31 -> <#dbvalue(0_TaxesAndPermits;0;"Cost";)> | AHR2: ='Project Indirect Metrics'!$C$32 -> <#dbvalue(0_TaxesAndPermits;1;"Cost";)> | AHS2: ='Project Indirect Metrics'!$C$33 -> <#dbvalue(0_TaxesAndPermits;2;"Cost";)> | AHT2: ='Project Indirect Metrics'!$C$34 -> <#dbvalue(0_TaxesAndPermits;3;"Cost";)> | AHU2: ='Project Indirect Metrics'!$C$35 -> <#dbvalue(0_TaxesAndPermits;4;"Cost";)> | AHV2: ='Project Indirect Metrics'!$C$36 -> <#dbvalue(0_TaxesAndPermits;5;"Cost";)> | AHW2: ='Project Indirect Metrics'!$C$40 -> <#dbvalue(0_OtherIndirects;0;"Cost";)> | AHX2: ='Project Indirect Metrics'!$C$41 -> <#dbvalue(0_OtherIndirects;1;"Cost";)> | AHY2: ='Project Indirect Metrics'!$C$42 -> <#dbvalue(0_OtherIndirects;2;"Cost";)> | AHZ2: ='Project Indirect Metrics'!$C$43 -> <#dbvalue(0_OtherIndirects;3;"Cost";)> | AIA2: ='Project Indirect Metrics'!$C$44 -> <#dbvalue(0_OtherIndirects;4;"Cost";)> | AIB2: ='Project Indirect Metrics'!$C$45 -> <#dbvalue(0_OtherIndirects;5;"Cost";)> | AIC2: ='Project Indirect Metrics'!$C$49 -> <#dbvalue(0_EscalationAndContingency;0;"Cost";)> | AID2: ='Project Indirect Metrics'!$C$50 -> <#dbvalue(0_EscalationAndContingency;1;"Cost";)> | AIE2: =UOMEquipQty -> <#dbvalue(EQP_units;0;"KEYUNITS";)> | AIF2: =UOMPipeQty -> <#dbvalue(PIP_units;0;"KEYUNITS";)> | AIG2: =UOMCivilEarthworkQty -> <#IF(OR(NOT(ISBLANK($B61)), NOT(ISBLANK($C61)));<#dbvalue(4_Civil_ISBL_Data;0;"KEYUNITS";)>;)> | AIH2: =UOMCivilRoadRRQty -> <#IF(OR(NOT(ISBLANK($B62)), NOT(ISBLANK($C62)));<#dbvalue(4_Civil_ISBL_Data;1;"KEYUNITS";)>;)> | AII2: =UOMCivilPavingQty -> <#IF(OR(NOT(ISBLANK($B64)), NOT(ISBLANK($C64)));<#dbvalue(4_Civil_ISBL_Data;3;"KEYUNITS";)>;)> | AIJ2: =UOMConcreteGroutQty -> <#IF(OR(NOT(ISBLANK($B65)), NOT(ISBLANK($C65)));<#dbvalue(4_Civil_ISBL_Data;4;"KEYUNITS";)>;)> | AIK2: =UOMSteelQty -> <#dbvalue(STL_units;0;"KEYUNITS";)> | AIL2: =UOMElectricalWireLength -> <#dbvalue(ELC_units;0;"KEYUNITS";)> | AIM2: =UOMInstrumentRunLength -> <#dbvalue(INS_units;0;"KEYUNITS";)> | AIN2: =UOMEquipInsulationQty -> <#dbvalue(8_Insulation_ISBL_Data;0;"KEYUNITS";)> | AIO2: =UOMPipeInsulationQty -> <#dbvalue(8_Insulation_ISBL_Data;1;"KEYUNITS";)> | AIP2: =UOMEquipFireproofingQty -> <#dbvalue(8_Insulation_ISBL_Data;2;"KEYUNITS";)> | AIQ2: =UOMSteelFireproofingQty -> <#dbvalue(8_Insulation_ISBL_Data;3;"KEYUNITS";)> | AIR2: =UOMPaintArea -> <#dbvalue(PNT_units;0;"KEYUNITS";)>

Sheet Project Information
A1: Project Information
A2: Description | B2: Value
A3: Project Title | B3: <#TBL_0_ProjectInfo.VALUE;>
A4: Project Location
A5: Estimate Or Actuals
A6: Project Type
A7: Process Description
A8: Construction Type
A9: Country Base
A10: Base Units of Measure
A11: Currency Name
A12: Currency Symbol
A13: Estimate Class
A14: Prepared By
A15: Cost Basis Year
A17: Design Basis
A18: Description | B18: Value
A19: Vessel design code | B19: <#dbvalue(0_DesignBasisInfo;0;"VALUE";)>
A20: Pipe flange rating standard | B20: <#dbvalue(0_DesignBasisInfo;1;"VALUE";)>
A21: Pipe wall thickness standard | B21: <#dbvalue(0_DesignBasisInfo;2;"VALUE";)>
A22: Civil/structural design loads reference code | B22: <#dbvalue(0_DesignBasisInfo;3;"VALUE";)>
A23: ASCE 7 occupancy / risk category | B23: <#dbvalue(0_DesignBasisInfo;4;"VALUE";)>
A24: Seismic horizontal acceleration (g) | B24: <#dbvalue(0_SeismicHorizontalAcceleration;0;"VALUER";)>
A25: UBC zone | B25: <#dbvalue(0_DesignBasisInfo;6;"VALUE";)>
A26: Soil type | B26: <#dbvalue(0_DesignBasisInfo;7;"VALUE";)>
A27: Piping and instrumentation design | B27: <#dbvalue(0_DesignBasisInfo;8;"VALUE";)>
A28: Instrumentation system | B28: <#dbvalue(0_DesignBasisInfo;9;"VALUE";)>
A29: Electrical class and division or zone | B29: <#dbvalue(0_DesignBasisInfo;10;"VALUE";)>
... A31: Electrical distribution system | B31: <#dbvalue(0_DesignBasisInfo;12;"VALUE";)>

Sheet Project Direct Metrics
A1: Description | B1: Quantity | D1: Unit | E1: =CONCATENATE("Material Cost (",CurrencySymbol,")") -> Material Cost () | G1: Man-Hours | I1: =CONCATENATE("Labor Cost (",CurrencySymbol,")") -> Labor Cost ()
B2: ISBL | C2: OSBL | E2: ISBL | F2: OSBL | G2: ISBL | H2: OSBL | I2: ISBL | J2: OSBL
A3: EQUIPMENT | C3: Select Quantity Unit >> | D3: <#dbvalue(EQP_units;0;"KEYUNITS";)>
A4: <#dbvalue(2_Equipment_ISBL_Data;0;"DESCR";)> | B4: <#dbvalue(2_Equipment_ISBL_Data;0;"KEYQUANT";)> | C4: <#dbvalue(2_Equipment_OSBL_Data;0;"KEYQUANT";)> | D4: =IF(OR(NOT(ISBLANK(B4)), NOT(ISBLANK(C4))), UOMEquipQty, "") -> <#dbvalue(EQP_units;0;"KEYUNITS";)> | E4: <#dbvalue(2_Equipment_ISBL_Data;0;"Matl";)> | F4: <#dbvalue(2_Equipment_OSBL_Data;0;"Matl";)> | G4: <#dbvalue(2_Equipment_ISBL_Data;0;"MH";)> | H4: <#dbvalue(2_Equipment_OSBL_Data;0;"MH";)> | I4: <#dbvalue(2_Equipment_ISBL_Data;0;"Labor";)> | J4: <#dbvalue(2_Equipment_OSBL_Data;0;"Labor";)>
A5: <#dbvalue(2_Equipment_ISBL_Data;1;"DESCR";)> | B5: <#dbvalue(2_Equipment_ISBL_Data;1;"KEYQUANT";)> | C5: <#dbvalue(2_Equipment_OSBL_Data;1;"KEYQUANT";)> | D5: =IF(OR(NOT(ISBLANK(B5)), NOT(ISBLANK(C5))), UOMEquipQty, "") -> <#dbvalue(EQP_units;0;"KEYUNITS";)> | E5: <#dbvalue(2_Equipment_ISBL_Data;1;"Matl";)> | F5: <#dbvalue(2_Equipment_OSBL_Data;1;"Matl";)> | G5: <#dbvalue(2_Equipment_ISBL_Data;1;"MH";)> | H5: <#dbvalue(2_Equipment_OSBL_Data;1;"MH";)> | I5: <#dbvalue(2_Equipment_ISBL_Data;1;"Labor";)> | J5: <#dbvalue(2_Equipment_OSBL_Data;1;"Labor";)>
A6: <#dbvalue(2_Equipment_ISBL_Data;2;"DESCR";)> | B6: <#dbvalue(2_Equipment_ISBL_Data;2;"KEYQUANT";)> | C6: <#dbvalue(2_Equipment_OSBL_Data;2;"KEYQUANT";)> | D6: =IF(OR(NOT(ISBLANK(B6)), NOT(ISBLANK(C6))), UOMEquipQty, "") -> <#dbvalue(EQP_units;0;"KEYUNITS";)> | E6: <#dbvalue(2_Equipment_ISBL_Data;2;"Matl";)> | F6: <#dbvalue(2_Equipment_OSBL_Data;2;"Matl";)> | G6: <#dbvalue(2_Equipment_ISBL_Data;2;"MH";)> | H6: <#dbvalue(2_Equipment_OSBL_Data;2;"MH";)> | I6: <#dbvalue(2_Equipment_ISBL_Data;2;"Labor";)> | J6: <#dbvalue(2_Equipment_OSBL_Data;2;"Labor";)>
A7: <#dbvalue(2_Equipment_ISBL_Data;3;"DESCR";)> | B7: <#dbvalue(2_Equipment_ISBL_Data;3;"KEYQUANT";)> | C7: <#dbvalue(2_Equipment_OSBL_Data;3;"KEYQUANT";)> | D7: =IF(OR(NOT(ISBLANK(B7)), NOT(ISBLANK(C7))), UOMEquipQty, "") -> <#dbvalue(EQP_units;0;"KEYUNITS";)> | E7: <#dbvalue(2_Equipment_ISBL_Data;3;"Matl";)> | F7: <#dbvalue(2_Equipment_OSBL_Data;3;"Matl";)> | G7: <#dbvalue(2_Equipment_ISBL_Data;3;"MH";)> | H7: <#dbvalue(2_Equipment_OSBL_Data;3;"MH";)> | I7: <#dbvalue(2_Equipment_ISBL_Data;3;"Labor";)> | J7: <#dbvalue(2_Equipment_OSBL_Data;3;"Labor";)>
A8: <#dbvalue(2_Equipment_ISBL_Data;4;"DESCR";)> | B8: <#dbvalue(2_Equipment_ISBL_Data;4;"KEYQUANT";)> | C8: <#dbvalue(2_Equipment_OSBL_Data;4;"KEYQUANT";)> | D8: =IF(OR(NOT(ISBLANK(B8)), NOT(ISBLANK(C8))), UOMEquipQty, "") -> <#dbvalue(EQP_units;0;"KEYUNITS";)> | E8: <#dbvalue(2_Equipment_ISBL_Data;4;"Matl";)> | F8: <#dbvalue(2_Equipment_OSBL_Data;4;"Matl";)> | G8: <#dbvalue(2_Equipment_ISBL_Data;4;"MH";)> | H8: <#dbvalue(2_Equipment_OSBL_Data;4;"MH";)> | I8: <#dbvalue(2_Equipment_ISBL_Data;4;"Labor";)> | J8: <#dbvalue(2_Equipment_OSBL_Data;4;"Labor";)>
A9: <#dbvalue(2_Equipment_ISBL_Data;5;"DESCR";)> | B9: <#dbvalue(2_Equipment_ISBL_Data;5;"KEYQUANT";)> | C9: <#dbvalue(2_Equipment_OSBL_Data;5;"KEYQUANT";)> | D9: =IF(OR(NOT(ISBLANK(B9)), NOT(ISBLANK(C9))), UOMEquipQty, "") -> <#dbvalue(EQP_units;0;"KEYUNITS";)> | E9: <#dbvalue(2_Equipment_ISBL_Data;5;"Matl";)> | F9: <#dbvalue(2_Equipment_OSBL_Data;5;"Matl";)> | G9: <#dbvalue(2_Equipment_ISBL_Data;5;"MH";)> | H9: <#dbvalue(2_Equipment_OSBL_Data;5;"MH";)> | I9: <#dbvalue(2_Equipment_ISBL_Data;5;"Labor";)> | J9: <#dbvalue(2_Equipment_OSBL_Data;5;"Labor";)>
A10: <#dbvalue(2_Equipment_ISBL_Data;6;"DESCR";)> | B10: <#dbvalue(2_Equipment_ISBL_Data;6;"KEYQUANT";)> | C10: <#dbvalue(2_Equipment_OSBL_Data;6;"KEYQUANT";)> | D10: =IF(OR(NOT(ISBLANK(B10)), NOT(ISBLANK(C10))), UOMEquipQty, "") -> <#dbvalue(EQP_units;0;"KEYUNITS";)> | E10: <#dbvalue(2_Equipment_ISBL_Data;6;"Matl";)> | F10: <#dbvalue(2_Equipment_OSBL_Data;6;"Matl";)> | G10: <#dbvalue(2_Equipment_ISBL_Data;6;"MH";)> | H10: <#dbvalue(2_Equipment_OSBL_Data;6;"MH";)> | I10: <#dbvalue(2_Equipment_ISBL_Data;6;"Labor";)> | J10: <#dbvalue(2_Equipment_OSBL_Data;6;"Labor";)>
A11: <#dbvalue(2_Equipment_ISBL_Data;7;"DESCR";)> | B11: <#dbvalue(2_Equipment_ISBL_Data;7;"KEYQUANT";)> | C11: <#dbvalue(2_Equipment_OSBL_Data;7;"KEYQUANT";)> | D11: =IF(OR(NOT(ISBLANK(B11)), NOT(ISBLANK(C11))), UOMEquipQty, "") -> <#dbvalue(EQP_units;0;"KEYUNITS";)> | E11: <#dbvalue(2_Equipment_ISBL_Data;7;"Matl";)> | F11: <#dbvalue(2_Equipment_OSBL_Data;7;"Matl";)> | G11: <#dbvalue(2_Equipment_ISBL_Data;7;"MH";)> | H11: <#dbvalue(2_Equipment_OSBL_Data;7;"MH";)> | I11: <#dbvalue(2_Equipment_ISBL_Data;7;"Labor";)> | J11: <#dbvalue(2_Equipment_OSBL_Data;7;"Labor";)>
A12: <#dbvalue(2_Equipment_ISBL_Data;8;"DESCR";)> | B12: <#dbvalue(2_Equipment_ISBL_Data;8;"KEYQUANT";)> | C12: <#dbvalue(2_Equipment_OSBL_Data;8;"KEYQUANT";)> | D12: =IF(OR(NOT(ISBLANK(B12)), NOT(ISBLANK(C12))), UOMEquipQty, "") -> <#dbvalue(EQP_units;0;"KEYUNITS";)> | E12: <#dbvalue(2_Equipment_ISBL_Data;8;"Matl";)> | F12: <#dbvalue(2_Equipment_OSBL_Data;8;"Matl";)> | G12: <#dbvalue(2_Equipment_ISBL_Data;8;"MH";)> | H12: <#dbvalue(2_Equipment_OSBL_Data;8;"MH";)> | I12: <#dbvalue(2_Equipment_ISBL_Data;8;"Labor";)> | J12: <#dbvalue(2_Equipment_OSBL_Data;8;"Labor";)>
A13: <#dbvalue(2_Equipment_ISBL_Data;9;"DESCR";)> | B13: <#dbvalue(2_Equipment_ISBL_Data;9;"KEYQUANT";)> | C13: <#dbvalue(2_Equipment_OSBL_Data;9;"KEYQUANT";)> | D13: =IF(OR(NOT(ISBLANK(B13)), NOT(ISBLANK(C13))), UOMEquipQty, "") -> <#dbvalue(EQP_units;0;"KEYUNITS";)> | E13: <#dbvalue(2_Equipment_ISBL_Data;9;"Matl";)> | F13: <#dbvalue(2_Equipment_OSBL_Data;9;"Matl";)> | G13: <#dbvalue(2_Equipment_ISBL_Data;9;"MH";)> | H13: <#dbvalue(2_Equipment_OSBL_Data;9;"MH";)> | I13: <#dbvalue(2_Equipment_ISBL_Data;9;"Labor";)> | J13: <#dbvalue(2_Equipment_OSBL_Data;9;"Labor";)>
A14: <#dbvalue(2_Equipment_ISBL_Data;10;"DESCR";)> | B14: <#dbvalue(2_Equipment_ISBL_Data;10;"KEYQUANT";)> | C14: <#dbvalue(2_Equipment_OSBL_Data;10;"KEYQUANT";)> | D14: =IF(OR(NOT(ISBLANK(B14)), NOT(ISBLANK(C14))), UOMEquipQty, "") -> <#dbvalue(EQP_units;0;"KEYUNITS";)> | E14: <#dbvalue(2_Equipment_ISBL_Data;10;"Matl";)> | F14: <#dbvalue(2_Equipment_OSBL_Data;10;"Matl";)> | G14: <#dbvalue(2_Equipment_ISBL_Data;10;"MH";)> | H14: <#dbvalue(2_Equipment_OSBL_Data;10;"MH";)> | I14: <#dbvalue(2_Equipment_ISBL_Data;10;"Labor";)> | J14: <#dbvalue(2_Equipment_OSBL_Data;10;"Labor";)>
A15: <#dbvalue(2_Equipment_ISBL_Data;11;"DESCR";)> | B15: <#dbvalue(2_Equipment_ISBL_Data;11;"KEYQUANT";)> | C15: <#dbvalue(2_Equipment_OSBL_Data;11;"KEYQUANT";)> | D15: =IF(OR(NOT(ISBLANK(B15)), NOT(ISBLANK(C15))), UOMEquipQty, "") -> <#dbvalue(EQP_units;0;"KEYUNITS";)> | E15: <#dbvalue(2_Equipment_ISBL_Data;11;"Matl";)> | F15: <#dbvalue(2_Equipment_OSBL_Data;11;"Matl";)> | G15: <#dbvalue(2_Equipment_ISBL_Data;11;"MH";)> | H15: <#dbvalue(2_Equipment_OSBL_Data;11;"MH";)> | I15: <#dbvalue(2_Equipment_ISBL_Data;11;"Labor";)> | J15: <#dbvalue(2_Equipment_OSBL_Data;11;"Labor";)>
... A23: <#dbvalue(2_Equipment_ISBL_Data;19;"DESCR";)> | B23: <#dbvalue(2_Equipment_ISBL_Data;19;"KEYQUANT";)> | C23: <#dbvalue(2_Equipment_OSBL_Data;19;"KEYQUANT";)> | D23: =IF(OR(NOT(ISBLANK(B23)), NOT(ISBLANK(C23))), UOMEquipQty, "") -> <#dbvalue(EQP_units;0;"KEYUNITS";)> | E23: <#dbvalue(2_Equipment_ISBL_Data;19;"Matl";)> | F23: <#dbvalue(2_Equipment_OSBL_Data;19;"Matl";)> | G23: <#dbvalue(2_Equipment_ISBL_Data;19;"MH";)> | H23: <#dbvalue(2_Equipment_OSBL_Data;19;"MH";)> | I23: <#dbvalue(2_Equipment_ISBL_Data;19;"Labor";)> | J23: <#dbvalue(2_Equipment_OSBL_Data;19;"Labor";)>
A24: <#dbvalue(2_Equipment_ISBL_Data;20;"DESCR";)> | D24: -- | E24: <#dbvalue(2_Equipment_ISBL_Data;20;"Matl";)> | F24: <#dbvalue(2_Equipment_OSBL_Data;20;"Matl";)> | G24: <#dbvalue(2_Equipment_ISBL_Data;20;"MH";)> | H24: <#dbvalue(2_Equipment_OSBL_Data;20;"MH";)> | I24: <#dbvalue(2_Equipment_ISBL_Data;20;"Labor";)> | J24: <#dbvalue(2_Equipment_OSBL_Data;20;"Labor";)>
A25: <#dbvalue(2_Equipment_ISBL_Data;21;"DESCR";)> | D25: -- | E25: <#dbvalue(2_Equipment_ISBL_Data;21;"Matl";)> | F25: <#dbvalue(2_Equipment_OSBL_Data;21;"Matl";)> | G25: <#dbvalue(2_Equipment_ISBL_Data;21;"MH";)> | H25: <#dbvalue(2_Equipment_OSBL_Data;21;"MH";)> | I25: <#dbvalue(2_Equipment_ISBL_Data;21;"Labor";)> | J25: <#dbvalue(2_Equipment_OSBL_Data;21;"Labor";)>
A26: <#dbvalue(2_Equipment_ISBL_Data;22;"DESCR";)> | B26: <#dbvalue(2_Equipment_ISBL_Data;22;"KEYQUANT";)> | C26: <#dbvalue(2_Equipment_OSBL_Data;22;"KEYQUANT";)> | D26: =IF(OR(NOT(ISBLANK(B26)), NOT(ISBLANK(C26))), UOMEquipQty, "") -> <#dbvalue(EQP_units;0;"KEYUNITS";)> | E26: <#dbvalue(2_Equipment_ISBL_Data;22;"Matl";)> | F26: <#dbvalue(2_Equipment_OSBL_Data;22;"Matl";)> | G26: <#dbvalue(2_Equipment_ISBL_Data;22;"MH";)> | H26: <#dbvalue(2_Equipment_OSBL_Data;22;"MH";)> | I26: <#dbvalue(2_Equipment_ISBL_Data;22;"Labor";)> | J26: <#dbvalue(2_Equipment_OSBL_Data;22;"Labor";)>
A27: EQUIPMENT TOTAL | B27: =SUM(B4:B23) -> 0 | C27: =SUM(C4:C23) -> 0 | D27: =IF(OR(NOT(ISBLANK(B27)), NOT(ISBLANK(C27))), UOMEquipQty, "") -> <#dbvalue(EQP_units;0;"KEYUNITS";)> | E27: =SUM(E4:E26) -> 0 | F27: =SUM(F4:F26) -> 0 | G27: =SUM(G4:G26) -> 0 | H27: =SUM(H4:H26) -> 0 | I27: =SUM(I4:I26) -> 0 | J27: =SUM(J4:J26) -> 0
A29: PIPING | C29: Select Pipe Quantity Unit >> | D29: <#dbvalue(PIP_units;0;"KEYUNITS";)>
A30: CS Pipe | B30: <#dbvalue(3_Piping_ISBL_Data;0;"KEYQUANT";)> | C30: <#dbvalue(3_Piping_OSBL_Data;0;"KEYQUANT";)> | D30: =IF(OR(NOT(ISBLANK(B30)), NOT(ISBLANK(C30))), UOMPipeQty, "") -> <#dbvalue(PIP_units;0;"KEYUNITS";)> | E30: <#dbvalue(3_Piping_ISBL_Data;0;"Matl";)> | F30: <#dbvalue(3_Piping_OSBL_Data;0;"Matl";)> | G30: <#dbvalue(3_Piping_ISBL_Data;0;"MH";)> | H30: <#dbvalue(3_Piping_OSBL_Data;0;"MH";)> | I30: <#dbvalue(3_Piping_ISBL_Data;0;"Labor";)> | J30: <#dbvalue(3_Piping_OSBL_Data;0;"Labor";)>
A31: CS Valves, Fittings | B31: <#dbvalue(3_Piping_ISBL_Data;1;"KEYQUANT";)> | C31: <#dbvalue(3_Piping_OSBL_Data;1;"KEYQUANT";)> | D31: =IF(OR(NOT(ISBLANK(B31)), NOT(ISBLANK(C31))), "EACH", "") -> EACH | E31: <#dbvalue(3_Piping_ISBL_Data;1;"Matl";)> | F31: <#dbvalue(3_Piping_OSBL_Data;1;"Matl";)> | G31: <#dbvalue(3_Piping_ISBL_Data;1;"MH";)> | H31: <#dbvalue(3_Piping_OSBL_Data;1;"MH";)> | I31: <#dbvalue(3_Piping_ISBL_Data;1;"Labor";)> | J31: <#dbvalue(3_Piping_OSBL_Data;1;"Labor";)>
A32: SS Pipe | B32: <#dbvalue(3_Piping_ISBL_Data;2;"KEYQUANT";)> | C32: <#dbvalue(3_Piping_OSBL_Data;2;"KEYQUANT";)> | D32: =IF(OR(NOT(ISBLANK(B32)), NOT(ISBLANK(C32))), UOMPipeQty, "") -> <#dbvalue(PIP_units;0;"KEYUNITS";)> | E32: <#dbvalue(3_Piping_ISBL_Data;2;"Matl";)> | F32: <#dbvalue(3_Piping_OSBL_Data;2;"Matl";)> | G32: <#dbvalue(3_Piping_ISBL_Data;2;"MH";)> | H32: <#dbvalue(3_Piping_OSBL_Data;2;"MH";)> | I32: <#dbvalue(3_Piping_ISBL_Data;2;"Labor";)> | J32: <#dbvalue(3_Piping_OSBL_Data;2;"Labor";)>
A33: SS Valves, Fittings | B33: <#dbvalue(3_Piping_ISBL_Data;3;"KEYQUANT";)> | C33: <#dbvalue(3_Piping_OSBL_Data;3;"KEYQUANT";)> | D33: =IF(OR(NOT(ISBLANK(B33)), NOT(ISBLANK(C33))), "EACH", "") -> EACH | E33: <#dbvalue(3_Piping_ISBL_Data;3;"Matl";)> | F33: <#dbvalue(3_Piping_OSBL_Data;3;"Matl";)> | G33: <#dbvalue(3_Piping_ISBL_Data;3;"MH";)> | H33: <#dbvalue(3_Piping_OSBL_Data;3;"MH";)> | I33: <#dbvalue(3_Piping_ISBL_Data;3;"Labor";)> | J33: <#dbvalue(3_Piping_OSBL_Data;3;"Labor";)>
A34: Non-ferrous Pipe | B34: <#dbvalue(3_Piping_ISBL_Data;4;"KEYQUANT";)> | C34: <#dbvalue(3_Piping_OSBL_Data;4;"KEYQUANT";)> | D34: =IF(OR(NOT(ISBLANK(B34)), NOT(ISBLANK(C34))), UOMPipeQty, "") -> <#dbvalue(PIP_units;0;"KEYUNITS";)> | E34: <#dbvalue(3_Piping_ISBL_Data;4;"Matl";)> | F34: <#dbvalue(3_Piping_OSBL_Data;4;"Matl";)> | G34: <#dbvalue(3_Piping_ISBL_Data;4;"MH";)> | H34: <#dbvalue(3_Piping_OSBL_Data;4;"MH";)> | I34: <#dbvalue(3_Piping_ISBL_Data;4;"Labor";)> | J34: <#dbvalue(3_Piping_OSBL_Data;4;"Labor";)>
A35: Non-ferrous Valves, Fittings | B35: <#dbvalue(3_Piping_ISBL_Data;5;"KEYQUANT";)> | C35: <#dbvalue(3_Piping_OSBL_Data;5;"KEYQUANT";)> | D35: =IF(OR(NOT(ISBLANK(B35)), NOT(ISBLANK(C35))), "EACH", "") -> EACH | E35: <#dbvalue(3_Piping_ISBL_Data;5;"Matl";)> | F35: <#dbvalue(3_Piping_OSBL_Data;5;"Matl";)> | G35: <#dbvalue(3_Piping_ISBL_Data;5;"MH";)> | H35: <#dbvalue(3_Piping_OSBL_Data;5;"MH";)> | I35: <#dbvalue(3_Piping_ISBL_Data;5;"Labor";)> | J35: <#dbvalue(3_Piping_OSBL_Data;5;"Labor";)>
A36: Lined Pipe | B36: <#dbvalue(3_Piping_ISBL_Data;6;"KEYQUANT";)> | C36: <#dbvalue(3_Piping_OSBL_Data;6;"KEYQUANT";)> | D36: =IF(OR(NOT(ISBLANK(B36)), NOT(ISBLANK(C36))), UOMPipeQty, "") -> <#dbvalue(PIP_units;0;"KEYUNITS";)> | E36: <#dbvalue(3_Piping_ISBL_Data;6;"Matl";)> | F36: <#dbvalue(3_Piping_OSBL_Data;6;"Matl";)> | G36: <#dbvalue(3_Piping_ISBL_Data;6;"MH";)> | H36: <#dbvalue(3_Piping_OSBL_Data;6;"MH";)> | I36: <#dbvalue(3_Piping_ISBL_Data;6;"Labor";)> | J36: <#dbvalue(3_Piping_OSBL_Data;6;"Labor";)>
A37: Lined Valves, Fittings | B37: <#dbvalue(3_Piping_ISBL_Data;7;"KEYQUANT";)> | C37: <#dbvalue(3_Piping_OSBL_Data;7;"KEYQUANT";)> | D37: =IF(OR(NOT(ISBLANK(B37)), NOT(ISBLANK(C37))), "EACH", "") -> EACH | E37: <#dbvalue(3_Piping_ISBL_Data;7;"Matl";)> | F37: <#dbvalue(3_Piping_OSBL_Data;7;"Matl";)> | G37: <#dbvalue(3_Piping_ISBL_Data;7;"MH";)> | H37: <#dbvalue(3_Piping_OSBL_Data;7;"MH";)> | I37: <#dbvalue(3_Piping_ISBL_Data;7;"Labor";)> | J37: <#dbvalue(3_Piping_OSBL_Data;7;"Labor";)>
A38: Non-metallic Pipe | B38: <#dbvalue(3_Piping_ISBL_Data;8;"KEYQUANT";)> | C38: <#dbvalue(3_Piping_OSBL_Data;8;"KEYQUANT";)> | D38: =IF(OR(NOT(ISBLANK(B38)), NOT(ISBLANK(C38))), UOMPipeQty, "") -> <#dbvalue(PIP_units;0;"KEYUNITS";)> | E38: <#dbvalue(3_Piping_ISBL_Data;8;"Matl";)> | F38: <#dbvalue(3_Piping_OSBL_Data;8;"Matl";)> | G38: <#dbvalue(3_Piping_ISBL_Data;8;"MH";)> | H38: <#dbvalue(3_Piping_OSBL_Data;8;"MH";)> | I38: <#dbvalue(3_Piping_ISBL_Data;8;"Labor";)> | J38: <#dbvalue(3_Piping_OSBL_Data;8;"Labor";)>
A39: Non-metallic Valves, Fittings | B39: <#dbvalue(3_Piping_ISBL_Data;9;"KEYQUANT";)> | C39: <#dbvalue(3_Piping_OSBL_Data;9;"KEYQUANT";)> | D39: =IF(OR(NOT(ISBLANK(B39)), NOT(ISBLANK(C39))), "EACH", "") -> EACH | E39: <#dbvalue(3_Piping_ISBL_Data;9;"Matl";)> | F39: <#dbvalue(3_Piping_OSBL_Data;9;"Matl";)> | G39: <#dbvalue(3_Piping_ISBL_Data;9;"MH";)> | H39: <#dbvalue(3_Piping_OSBL_Data;9;"MH";)> | I39: <#dbvalue(3_Piping_ISBL_Data;9;"Labor";)> | J39: <#dbvalue(3_Piping_OSBL_Data;9;"Labor";)>
A40: Specialty Piping Items | B40: <#dbvalue(3_Piping_ISBL_Data;10;"KEYQUANT";)> | C40: <#dbvalue(3_Piping_OSBL_Data;10;"KEYQUANT";)> | D40: =IF(OR(NOT(ISBLANK(B40)), NOT(ISBLANK(C40))), UOMPipeQty, "") -> <#dbvalue(PIP_units;0;"KEYUNITS";)> | E40: <#dbvalue(3_Piping_ISBL_Data;10;"Matl";)> | F40: <#dbvalue(3_Piping_OSBL_Data;10;"Matl";)> | G40: <#dbvalue(3_Piping_ISBL_Data;10;"MH";)> | H40: <#dbvalue(3_Piping_OSBL_Data;10;"MH";)> | I40: <#dbvalue(3_Piping_ISBL_Data;10;"Labor";)> | J40: <#dbvalue(3_Piping_OSBL_Data;10;"Labor";)>
A41: Firewater Piping | B41: <#dbvalue(3_Piping_ISBL_Data;11;"KEYQUANT";)> | C41: <#dbvalue(3_Piping_OSBL_Data;11;"KEYQUANT";)> | D41: =IF(OR(NOT(ISBLANK(B41)), NOT(ISBLANK(C41))), "EACH", "") -> EACH | E41: <#dbvalue(3_Piping_ISBL_Data;11;"Matl";)> | F41: <#dbvalue(3_Piping_OSBL_Data;11;"Matl";)> | G41: <#dbvalue(3_Piping_ISBL_Data;11;"MH";)> | H41: <#dbvalue(3_Piping_OSBL_Data;11;"MH";)> | I41: <#dbvalue(3_Piping_ISBL_Data;11;"Labor";)> | J41: <#dbvalue(3_Piping_OSBL_Data;11;"Labor";)>
A42: Ductwork, Launders | B42: <#dbvalue(3_Piping_ISBL_Data;12;"KEYQUANT";)> | C42: <#dbvalue(3_Piping_OSBL_Data;12;"KEYQUANT";)> | D42: =IF(OR(NOT(ISBLANK(B42)), NOT(ISBLANK(C42))), UOMPipeQty, "") -> <#dbvalue(PIP_units;0;"KEYUNITS";)> | E42: <#dbvalue(3_Piping_ISBL_Data;12;"Matl";)> | F42: <#dbvalue(3_Piping_OSBL_Data;12;"Matl";)> | G42: <#dbvalue(3_Piping_ISBL_Data;12;"MH";)> | H42: <#dbvalue(3_Piping_OSBL_Data;12;"MH";)> | I42: <#dbvalue(3_Piping_ISBL_Data;12;"Labor";)> | J42: <#dbvalue(3_Piping_OSBL_Data;12;"Labor";)>
A43: Pipelines | B43: <#dbvalue(3_Piping_ISBL_Data;13;"KEYQUANT";)> | C43: <#dbvalue(3_Piping_OSBL_Data;13;"KEYQUANT";)> | D43: =IF(OR(NOT(ISBLANK(B43)), NOT(ISBLANK(C43))), UOMPipeQty, "") -> <#dbvalue(PIP_units;0;"KEYUNITS";)> | E43: <#dbvalue(3_Piping_ISBL_Data;13;"Matl";)> | F43: <#dbvalue(3_Piping_OSBL_Data;13;"Matl";)> | G43: <#dbvalue(3_Piping_ISBL_Data;13;"MH";)> | H43: <#dbvalue(3_Piping_OSBL_Data;13;"MH";)> | I43: <#dbvalue(3_Piping_ISBL_Data;13;"Labor";)> | J43: <#dbvalue(3_Piping_OSBL_Data;13;"Labor";)>
A44: Other Piping | B44: <#dbvalue(3_Piping_ISBL_Data;14;"KEYQUANT";)> | C44: <#dbvalue(3_Piping_OSBL_Data;14;"KEYQUANT";)> | D44: =IF(OR(NOT(ISBLANK(B44)), NOT(ISBLANK(C44))), UOMPipeQty, "") -> <#dbvalue(PIP_units;0;"KEYUNITS";)> | E44: <#dbvalue(3_Piping_ISBL_Data;14;"Matl";)> | F44: <#dbvalue(3_Piping_OSBL_Data;14;"Matl";)> | G44: <#dbvalue(3_Piping_ISBL_Data;14;"MH";)> | H44: <#dbvalue(3_Piping_OSBL_Data;14;"MH";)> | I44: <#dbvalue(3_Piping_ISBL_Data;14;"Labor";)> | J44: <#dbvalue(3_Piping_OSBL_Data;14;"Labor";)>
A45: Pipe Testing | D45: -- | E45: <#dbvalue(3_Piping_ISBL_Data;15;"Matl";)> | F45: <#dbvalue(3_Piping_OSBL_Data;15;"Matl";)> | G45: <#dbvalue(3_Piping_ISBL_Data;15;"MH";)> | H45: <#dbvalue(3_Piping_OSBL_Data;15;"MH";)> | I45: <#dbvalue(3_Piping_ISBL_Data;15;"Labor";)> | J45: <#dbvalue(3_Piping_OSBL_Data;15;"Labor";)>
A46: Pipe Demolition | B46: <#dbvalue(3_Piping_ISBL_Data;16;"KEYQUANT";)> | C46: <#dbvalue(3_Piping_OSBL_Data;16;"KEYQUANT";)> | D46: =IF(OR(NOT(ISBLANK(B46)), NOT(ISBLANK(C46))), UOMPipeQty, "") -> <#dbvalue(PIP_units;0;"KEYUNITS";)> | E46: <#dbvalue(3_Piping_ISBL_Data;16;"Matl";)> | F46: <#dbvalue(3_Piping_OSBL_Data;16;"Matl";)> | G46: <#dbvalue(3_Piping_ISBL_Data;16;"MH";)> | H46: <#dbvalue(3_Piping_OSBL_Data;16;"MH";)> | I46: <#dbvalue(3_Piping_ISBL_Data;16;"Labor";)> | J46: <#dbvalue(3_Piping_OSBL_Data;16;"Labor";)>
A47: PIPING TOTAL | E47: =SUM(E30:E46) -> 0 | F47: =SUM(F30:F46) -> 0 | G47: =SUM(G30:G46) -> 0 | H47: =SUM(H30:H46) -> 0 | I47: =SUM(I30:I46) -> 0 | J47: =SUM(J30:J46) -> 0
A49: PIPING (BY INSTALLATION)
A50: Above Ground (AG) Piping | B50: <#dbvalue(3_PipingByInstall_ISBL_Data;0;"KEYQUANT";)> | C50: <#dbvalue(3_PipingByInstall_OSBL_Data;0;"KEYQUANT";)> | D50: =IF(OR(NOT(ISBLANK(B50)), NOT(ISBLANK(C50))), UOMPipeQty, "") -> <#dbvalue(PIP_units;0;"KEYUNITS";)> | E50: <#dbvalue(3_PipingByInstall_ISBL_Data;0;"Matl";)> | F50: <#dbvalue(3_PipingByInstall_OSBL_Data;0;"Matl";)> | G50: <#dbvalue(3_PipingByInstall_ISBL_Data;0;"MH";)> | H50: <#dbvalue(3_PipingByInstall_OSBL_Data;0;"MH";)> | I50: <#dbvalue(3_PipingByInstall_ISBL_Data;0;"Labor";)> | J50: <#dbvalue(3_PipingByInstall_OSBL_Data;0;"Labor";)>
A51: Underground (UG) Piping | B51: <#dbvalue(3_PipingByInstall_ISBL_Data;1;"KEYQUANT";)> | C51: <#dbvalue(3_PipingByInstall_OSBL_Data;1;"KEYQUANT";)> | D51: =IF(OR(NOT(ISBLANK(B51)), NOT(ISBLANK(C51))), UOMPipeQty, "") -> <#dbvalue(PIP_units;0;"KEYUNITS";)> | E51: <#dbvalue(3_PipingByInstall_ISBL_Data;1;"Matl";)> | F51: <#dbvalue(3_PipingByInstall_OSBL_Data;1;"Matl";)> | G51: <#dbvalue(3_PipingByInstall_ISBL_Data;1;"MH";)> | H51: <#dbvalue(3_PipingByInstall_OSBL_Data;1;"MH";)> | I51: <#dbvalue(3_PipingByInstall_ISBL_Data;1;"Labor";)> | J51: <#dbvalue(3_PipingByInstall_OSBL_Data;1;"Labor";)>
A53: PIPING (BY SIZE)
A54: Extra-small Diameter | B54: <#dbvalue(3_PipingBySize_ISBL_Data;0;"KEYQUANT";)> | C54: <#dbvalue(3_PipingBySize_OSBL_Data;0;"KEYQUANT";)> | D54: =IF(OR(NOT(ISBLANK(B54)), NOT(ISBLANK(C54))), UOMPipeQty, "") -> <#dbvalue(PIP_units;0;"KEYUNITS";)> | E54: <#dbvalue(3_PipingBySize_ISBL_Data;0;"Matl";)> | F54: <#dbvalue(3_PipingBySize_OSBL_Data;0;"Matl";)> | G54: <#dbvalue(3_PipingBySize_ISBL_Data;0;"MH";)> | H54: <#dbvalue(3_PipingBySize_OSBL_Data;0;"MH";)> | I54: <#dbvalue(3_PipingBySize_ISBL_Data;0;"Labor";)> | J54: <#dbvalue(3_PipingBySize_OSBL_Data;0;"Labor";)>
A55: Small Diameter | B55: <#dbvalue(3_PipingBySize_ISBL_Data;1;"KEYQUANT";)> | C55: <#dbvalue(3_PipingBySize_OSBL_Data;1;"KEYQUANT";)> | D55: =IF(OR(NOT(ISBLANK(B55)), NOT(ISBLANK(C55))), UOMPipeQty, "") -> <#dbvalue(PIP_units;0;"KEYUNITS";)> | E55: <#dbvalue(3_PipingBySize_ISBL_Data;1;"Matl";)> | F55: <#dbvalue(3_PipingBySize_OSBL_Data;1;"Matl";)> | G55: <#dbvalue(3_PipingBySize_ISBL_Data;1;"MH";)> | H55: <#dbvalue(3_PipingBySize_OSBL_Data;1;"MH";)> | I55: <#dbvalue(3_PipingBySize_ISBL_Data;1;"Labor";)> | J55: <#dbvalue(3_PipingBySize_OSBL_Data;1;"Labor";)>
A56: Medium Diameter | B56: <#dbvalue(3_PipingBySize_ISBL_Data;2;"KEYQUANT";)> | C56: <#dbvalue(3_PipingBySize_OSBL_Data;2;"KEYQUANT";)> | D56: =IF(OR(NOT(ISBLANK(B56)), NOT(ISBLANK(C56))), UOMPipeQty, "") -> <#dbvalue(PIP_units;0;"KEYUNITS";)> | E56: <#dbvalue(3_PipingBySize_ISBL_Data;2;"Matl";)> | F56: <#dbvalue(3_PipingBySize_OSBL_Data;2;"Matl";)> | G56: <#dbvalue(3_PipingBySize_ISBL_Data;2;"MH";)> | H56: <#dbvalue(3_PipingBySize_OSBL_Data;2;"MH";)> | I56: <#dbvalue(3_PipingBySize_ISBL_Data;2;"Labor";)> | J56: <#dbvalue(3_PipingBySize_OSBL_Data;2;"Labor";)>
A57: Large Diameter | B57: <#dbvalue(3_PipingBySize_ISBL_Data;3;"KEYQUANT";)> | C57: <#dbvalue(3_PipingBySize_OSBL_Data;3;"KEYQUANT";)> | D57: =IF(OR(NOT(ISBLANK(B57)), NOT(ISBLANK(C57))), UOMPipeQty, "") -> <#dbvalue(PIP_units;0;"KEYUNITS";)> | E57: <#dbvalue(3_PipingBySize_ISBL_Data;3;"Matl";)> | F57: <#dbvalue(3_PipingBySize_OSBL_Data;3;"Matl";)> | G57: <#dbvalue(3_PipingBySize_ISBL_Data;3;"MH";)> | H57: <#dbvalue(3_PipingBySize_OSBL_Data;3;"MH";)> | I57: <#dbvalue(3_PipingBySize_ISBL_Data;3;"Labor";)> | J57: <#dbvalue(3_PipingBySize_OSBL_Data;3;"Labor";)>
A58: Extra-large Diameter | B58: <#dbvalue(3_PipingBySize_ISBL_Data;4;"KEYQUANT";)> | C58: <#dbvalue(3_PipingBySize_OSBL_Data;4;"KEYQUANT";)> | D58: =IF(OR(NOT(ISBLANK(B58)), NOT(ISBLANK(C58))), UOMPipeQty, "") -> <#dbvalue(PIP_units;0;"KEYUNITS";)> | E58: <#dbvalue(3_PipingBySize_ISBL_Data;4;"Matl";)> | F58: <#dbvalue(3_PipingBySize_OSBL_Data;4;"Matl";)> | G58: <#dbvalue(3_PipingBySize_ISBL_Data;4;"MH";)> | H58: <#dbvalue(3_PipingBySize_OSBL_Data;4;"MH";)> | I58: <#dbvalue(3_PipingBySize_ISBL_Data;4;"Labor";)> | J58: <#dbvalue(3_PipingBySize_OSBL_Data;4;"Labor";)>
A60: CIVIL | D60: Select Units Below ↓
A61: Earthwork | B61: <#dbvalue(4_Civil_ISBL_Data;0;"KEYQUANT";)> | C61: <#dbvalue(4_Civil_OSBL_Data;0;"KEYQUANT";)> | D61: <#IF(OR(NOT(ISBLANK($B61)), NOT(ISBLANK($C61)));<#dbvalue(4_Civil_ISBL_Data;0;"KEYUNITS";)>;)> | E61: <#dbvalue(4_Civil_ISBL_Data;0;"Matl";)> | F61: <#dbvalue(4_Civil_OSBL_Data;0;"Matl";)> | G61: <#dbvalue(4_Civil_ISBL_Data;0;"MH";)> | H61: <#dbvalue(4_Civil_OSBL_Data;0;"MH";)> | I61: <#dbvalue(4_Civil_ISBL_Data;0;"Labor";)> | J61: <#dbvalue(4_Civil_OSBL_Data;0;"Labor";)>
A62: Roads, Railroads | B62: <#dbvalue(4_Civil_ISBL_Data;1;"KEYQUANT";)> | C62: <#dbvalue(4_Civil_OSBL_Data;1;"KEYQUANT";)> | D62: <#IF(OR(NOT(ISBLANK($B62)), NOT(ISBLANK($C62)));<#dbvalue(4_Civil_ISBL_Data;1;"KEYUNITS";)>;)> | E62: <#dbvalue(4_Civil_ISBL_Data;1;"Matl";)> | F62: <#dbvalue(4_Civil_OSBL_Data;1;"Matl";)> | G62: <#dbvalue(4_Civil_ISBL_Data;1;"MH";)> | H62: <#dbvalue(4_Civil_OSBL_Data;1;"MH";)> | I62: <#dbvalue(4_Civil_ISBL_Data;1;"Labor";)> | J62: <#dbvalue(4_Civil_OSBL_Data;1;"Labor";)>
A63: Piling | B63: <#dbvalue(4_Civil_ISBL_Data;2;"KEYQUANT";)> | C63: <#dbvalue(4_Civil_OSBL_Data;2;"KEYQUANT";)> | D63: <#IF(OR(NOT(ISBLANK($B63)), NOT(ISBLANK($C63)));<#dbvalue(4_Civil_ISBL_Data;2;"KEYUNITS";)>;)> | E63: <#dbvalue(4_Civil_ISBL_Data;2;"Matl";)> | F63: <#dbvalue(4_Civil_OSBL_Data;2;"Matl";)> | G63: <#dbvalue(4_Civil_ISBL_Data;2;"MH";)> | H63: <#dbvalue(4_Civil_OSBL_Data;2;"MH";)> | I63: <#dbvalue(4_Civil_ISBL_Data;2;"Labor";)> | J63: <#dbvalue(4_Civil_OSBL_Data;2;"Labor";)>
A64: Paving | B64: <#dbvalue(4_Civil_ISBL_Data;3;"KEYQUANT";)> | C64: <#dbvalue(4_Civil_OSBL_Data;3;"KEYQUANT";)> | D64: <#IF(OR(NOT(ISBLANK($B64)), NOT(ISBLANK($C64)));<#dbvalue(4_Civil_ISBL_Data;3;"KEYUNITS";)>;)> | E64: <#dbvalue(4_Civil_ISBL_Data;3;"Matl";)> | F64: <#dbvalue(4_Civil_OSBL_Data;3;"Matl";)> | G64: <#dbvalue(4_Civil_ISBL_Data;3;"MH";)> | H64: <#dbvalue(4_Civil_OSBL_Data;3;"MH";)> | I64: <#dbvalue(4_Civil_ISBL_Data;3;"Labor";)> | J64: <#dbvalue(4_Civil_OSBL_Data;3;"Labor";)>
A65: Concrete | B65: <#dbvalue(4_Civil_ISBL_Data;4;"KEYQUANT";)> | C65: <#dbvalue(4_Civil_OSBL_Data;4;"KEYQUANT";)> | D65: <#IF(OR(NOT(ISBLANK($B65)), NOT(ISBLANK($C65)));<#dbvalue(4_Civil_ISBL_Data;4;"KEYUNITS";)>;)> | E65: <#dbvalue(4_Civil_ISBL_Data;4;"Matl";)> | F65: <#dbvalue(4_Civil_OSBL_Data;4;"Matl";)> | G65: <#dbvalue(4_Civil_ISBL_Data;4;"MH";)> | H65: <#dbvalue(4_Civil_OSBL_Data;4;"MH";)> | I65: <#dbvalue(4_Civil_ISBL_Data;4;"Labor";)> | J65: <#dbvalue(4_Civil_OSBL_Data;4;"Labor";)>
A66: Grout | B66: <#dbvalue(4_Civil_ISBL_Data;5;"KEYQUANT";)> | C66: <#dbvalue(4_Civil_OSBL_Data;5;"KEYQUANT";)> | D66: <#IF(OR(NOT(ISBLANK($B66)), NOT(ISBLANK($C66)));<#dbvalue(4_Civil_ISBL_Data;5;"KEYUNITS";)>;)> | E66: <#dbvalue(4_Civil_ISBL_Data;5;"Matl";)> | F66: <#dbvalue(4_Civil_OSBL_Data;5;"Matl";)> | G66: <#dbvalue(4_Civil_ISBL_Data;5;"MH";)> | H66: <#dbvalue(4_Civil_OSBL_Data;5;"MH";)> | I66: <#dbvalue(4_Civil_ISBL_Data;5;"Labor";)> | J66: <#dbvalue(4_Civil_OSBL_Data;5;"Labor";)>
A67: Rebar | B67: <#dbvalue(4_Civil_ISBL_Data;6;"KEYQUANT";)> | C67: <#dbvalue(4_Civil_OSBL_Data;6;"KEYQUANT";)> | D67: <#IF(OR(NOT(ISBLANK($B67)), NOT(ISBLANK($C67)));<#dbvalue(4_Civil_ISBL_Data;6;"KEYUNITS";)>;)> | E67: <#dbvalue(4_Civil_ISBL_Data;6;"Matl";)> | F67: <#dbvalue(4_Civil_OSBL_Data;6;"Matl";)> | G67: <#dbvalue(4_Civil_ISBL_Data;6;"MH";)> | H67: <#dbvalue(4_Civil_OSBL_Data;6;"MH";)> | I67: <#dbvalue(4_Civil_ISBL_Data;6;"Labor";)> | J67: <#dbvalue(4_Civil_OSBL_Data;6;"Labor";)>
A68: Buildings, Architectural | B68: <#dbvalue(4_Civil_ISBL_Data;7;"KEYQUANT";)> | C68: <#dbvalue(4_Civil_OSBL_Data;7;"KEYQUANT";)> | D68: <#IF(OR(NOT(ISBLANK($B68)), NOT(ISBLANK($C68)));<#dbvalue(4_Civil_ISBL_Data;7;"KEYUNITS";)>;)> | E68: <#dbvalue(4_Civil_ISBL_Data;7;"Matl";)> | F68: <#dbvalue(4_Civil_OSBL_Data;7;"Matl";)> | G68: <#dbvalue(4_Civil_ISBL_Data;7;"MH";)> | H68: <#dbvalue(4_Civil_OSBL_Data;7;"MH";)> | I68: <#dbvalue(4_Civil_ISBL_Data;7;"Labor";)> | J68: <#dbvalue(4_Civil_OSBL_Data;7;"Labor";)>
A69: Other Sitework | D69: -- | E69: <#dbvalue(4_Civil_ISBL_Data;8;"Matl";)> | F69: <#dbvalue(4_Civil_OSBL_Data;8;"Matl";)> | G69: <#dbvalue(4_Civil_ISBL_Data;8;"MH";)> | H69: <#dbvalue(4_Civil_OSBL_Data;8;"MH";)> | I69: <#dbvalue(4_Civil_ISBL_Data;8;"Labor";)> | J69: <#dbvalue(4_Civil_OSBL_Data;8;"Labor";)>
A70: Other Civil | D70: -- | E70: <#dbvalue(4_Civil_ISBL_Data;9;"Matl";)> | F70: <#dbvalue(4_Civil_OSBL_Data;9;"Matl";)> | G70: <#dbvalue(4_Civil_ISBL_Data;9;"MH";)> | H70: <#dbvalue(4_Civil_OSBL_Data;9;"MH";)> | I70: <#dbvalue(4_Civil_ISBL_Data;9;"Labor";)> | J70: <#dbvalue(4_Civil_OSBL_Data;9;"Labor";)>
A71: Civil Demolition | D71: -- | E71: <#dbvalue(4_Civil_ISBL_Data;10;"Matl";)> | F71: <#dbvalue(4_Civil_OSBL_Data;10;"Matl";)> | G71: <#dbvalue(4_Civil_ISBL_Data;10;"MH";)> | H71: <#dbvalue(4_Civil_OSBL_Data;10;"MH";)> | I71: <#dbvalue(4_Civil_ISBL_Data;10;"Labor";)> | J71: <#dbvalue(4_Civil_OSBL_Data;10;"Labor";)>
A72: CIVIL TOTAL | E72: =SUM(E61:E71) -> 0 | F72: =SUM(F61:F71) -> 0 | G72: =SUM(G61:G71) -> 0 | H72: =SUM(H61:H71) -> 0 | I72: =SUM(I61:I71) -> 0 | J72: =SUM(J61:J71) -> 0
A74: STEEL | C74: Select Steel Quantity Unit >> | D74: <#dbvalue(STL_units;0;"KEYUNITS";)>
A75: Extra Light | B75: <#dbvalue(5_Steel_ISBL_Data;0;"KEYQUANT";)> | C75: <#dbvalue(5_Steel_OSBL_Data;0;"KEYQUANT";)> | D75: =IF(OR(NOT(ISBLANK(B75)), NOT(ISBLANK(C75))), UOMSteelQty, "") -> <#dbvalue(STL_units;0;"KEYUNITS";)> | E75: <#dbvalue(5_Steel_ISBL_Data;0;"Matl";)> | F75: <#dbvalue(5_Steel_OSBL_Data;0;"Matl";)> | G75: <#dbvalue(5_Steel_ISBL_Data;0;"MH";)> | H75: <#dbvalue(5_Steel_OSBL_Data;0;"MH";)> | I75: <#dbvalue(5_Steel_ISBL_Data;0;"Labor";)> | J75: <#dbvalue(5_Steel_OSBL_Data;0;"Labor";)>
A76: Light | B76: <#dbvalue(5_Steel_ISBL_Data;1;"KEYQUANT";)> | C76: <#dbvalue(5_Steel_OSBL_Data;1;"KEYQUANT";)> | D76: =IF(OR(NOT(ISBLANK(B76)), NOT(ISBLANK(C76))), UOMSteelQty, "") -> <#dbvalue(STL_units;0;"KEYUNITS";)> | E76: <#dbvalue(5_Steel_ISBL_Data;1;"Matl";)> | F76: <#dbvalue(5_Steel_OSBL_Data;1;"Matl";)> | G76: <#dbvalue(5_Steel_ISBL_Data;1;"MH";)> | H76: <#dbvalue(5_Steel_OSBL_Data;1;"MH";)> | I76: <#dbvalue(5_Steel_ISBL_Data;1;"Labor";)> | J76: <#dbvalue(5_Steel_OSBL_Data;1;"Labor";)>
A77: Medium | B77: <#dbvalue(5_Steel_ISBL_Data;2;"KEYQUANT";)> | C77: <#dbvalue(5_Steel_OSBL_Data;2;"KEYQUANT";)> | D77: =IF(OR(NOT(ISBLANK(B77)), NOT(ISBLANK(C77))), UOMSteelQty, "") -> <#dbvalue(STL_units;0;"KEYUNITS";)> | E77: <#dbvalue(5_Steel_ISBL_Data;2;"Matl";)> | F77: <#dbvalue(5_Steel_OSBL_Data;2;"Matl";)> | G77: <#dbvalue(5_Steel_ISBL_Data;2;"MH";)> | H77: <#dbvalue(5_Steel_OSBL_Data;2;"MH";)> | I77: <#dbvalue(5_Steel_ISBL_Data;2;"Labor";)> | J77: <#dbvalue(5_Steel_OSBL_Data;2;"Labor";)>
A78: Heavy | B78: <#dbvalue(5_Steel_ISBL_Data;3;"KEYQUANT";)> | C78: <#dbvalue(5_Steel_OSBL_Data;3;"KEYQUANT";)> | D78: =IF(OR(NOT(ISBLANK(B78)), NOT(ISBLANK(C78))), UOMSteelQty, "") -> <#dbvalue(STL_units;0;"KEYUNITS";)> | E78: <#dbvalue(5_Steel_ISBL_Data;3;"Matl";)> | F78: <#dbvalue(5_Steel_OSBL_Data;3;"Matl";)> | G78: <#dbvalue(5_Steel_ISBL_Data;3;"MH";)> | H78: <#dbvalue(5_Steel_OSBL_Data;3;"MH";)> | I78: <#dbvalue(5_Steel_ISBL_Data;3;"Labor";)> | J78: <#dbvalue(5_Steel_OSBL_Data;3;"Labor";)>
A79: Extra Heavy | B79: <#dbvalue(5_Steel_ISBL_Data;4;"KEYQUANT";)> | C79: <#dbvalue(5_Steel_OSBL_Data;4;"KEYQUANT";)> | D79: =IF(OR(NOT(ISBLANK(B79)), NOT(ISBLANK(C79))), UOMSteelQty, "") -> <#dbvalue(STL_units;0;"KEYUNITS";)> | E79: <#dbvalue(5_Steel_ISBL_Data;4;"Matl";)> | F79: <#dbvalue(5_Steel_OSBL_Data;4;"Matl";)> | G79: <#dbvalue(5_Steel_ISBL_Data;4;"MH";)> | H79: <#dbvalue(5_Steel_OSBL_Data;4;"MH";)> | I79: <#dbvalue(5_Steel_ISBL_Data;4;"Labor";)> | J79: <#dbvalue(5_Steel_OSBL_Data;4;"Labor";)>
A80: Offshore Steel | B80: <#dbvalue(5_Steel_ISBL_Data;5;"KEYQUANT";)> | C80: <#dbvalue(5_Steel_OSBL_Data;5;"KEYQUANT";)> | D80: =IF(OR(NOT(ISBLANK(B80)), NOT(ISBLANK(C80))), UOMSteelQty, "") -> <#dbvalue(STL_units;0;"KEYUNITS";)> | E80: <#dbvalue(5_Steel_ISBL_Data;5;"Matl";)> | F80: <#dbvalue(5_Steel_OSBL_Data;5;"Matl";)> | G80: <#dbvalue(5_Steel_ISBL_Data;5;"MH";)> | H80: <#dbvalue(5_Steel_OSBL_Data;5;"MH";)> | I80: <#dbvalue(5_Steel_ISBL_Data;5;"Labor";)> | J80: <#dbvalue(5_Steel_OSBL_Data;5;"Labor";)>
A81: Other Steel Items | B81: <#dbvalue(5_Steel_ISBL_Data;6;"KEYQUANT";)> | C81: <#dbvalue(5_Steel_OSBL_Data;6;"KEYQUANT";)> | D81: =IF(OR(NOT(ISBLANK(B81)), NOT(ISBLANK(C81))), UOMSteelQty, "") -> <#dbvalue(STL_units;0;"KEYUNITS";)> | E81: <#dbvalue(5_Steel_ISBL_Data;6;"Matl";)> | F81: <#dbvalue(5_Steel_OSBL_Data;6;"Matl";)> | G81: <#dbvalue(5_Steel_ISBL_Data;6;"MH";)> | H81: <#dbvalue(5_Steel_OSBL_Data;6;"MH";)> | I81: <#dbvalue(5_Steel_ISBL_Data;6;"Labor";)> | J81: <#dbvalue(5_Steel_OSBL_Data;6;"Labor";)>
A82: Steel Demolition | B82: <#dbvalue(5_Steel_ISBL_Data;7;"KEYQUANT";)> | C82: <#dbvalue(5_Steel_OSBL_Data;7;"KEYQUANT";)> | D82: =IF(OR(NOT(ISBLANK(B82)), NOT(ISBLANK(C82))), UOMSteelQty, "") -> <#dbvalue(STL_units;0;"KEYUNITS";)> | E82: <#dbvalue(5_Steel_ISBL_Data;7;"Matl";)> | F82: <#dbvalue(5_Steel_OSBL_Data;7;"Matl";)> | G82: <#dbvalue(5_Steel_ISBL_Data;7;"MH";)> | H82: <#dbvalue(5_Steel_OSBL_Data;7;"MH";)> | I82: <#dbvalue(5_Steel_ISBL_Data;7;"Labor";)> | J82: <#dbvalue(5_Steel_OSBL_Data;7;"Labor";)>
A83: STEEL TOTAL | B83: =SUM(B75:B82) -> 0 | C83: =SUM(C75:C82) -> 0 | D83: =IF(OR(NOT(ISBLANK(B83)), NOT(ISBLANK(C83))), UOMSteelQty, "") -> <#dbvalue(STL_units;0;"KEYUNITS";)> | E83: =SUM(E75:E82) -> 0 | F83: =SUM(F75:F82) -> 0 | G83: =SUM(G75:G82) -> 0 | H83: =SUM(H75:H82) -> 0 | I83: =SUM(I75:I82) -> 0 | J83: =SUM(J75:J82) -> 0
A85: INSTRUMENTATION | C85: Select Wire Length Unit >> | D85: <#dbvalue(INS_units;0;"KEYUNITS";)>
A86: Sensors | B86: <#dbvalue(6_Instrumentation_ISBL_Data;0;"KEYQUANT";)> | C86: <#dbvalue(6_Instrumentation_OSBL_Data;0;"KEYQUANT";)> | D86: =IF(OR(NOT(ISBLANK(B86)), NOT(ISBLANK(C86))), "EACH", "") -> EACH | E86: <#dbvalue(6_Instrumentation_ISBL_Data;0;"Matl";)> | F86: <#dbvalue(6_Instrumentation_OSBL_Data;0;"Matl";)> | G86: <#dbvalue(6_Instrumentation_ISBL_Data;0;"MH";)> | H86: <#dbvalue(6_Instrumentation_OSBL_Data;0;"MH";)> | I86: <#dbvalue(6_Instrumentation_ISBL_Data;0;"Labor";)> | J86: <#dbvalue(6_Instrumentation_OSBL_Data;0;"Labor";)>
A87: Control Valves | B87: <#dbvalue(6_Instrumentation_ISBL_Data;1;"KEYQUANT";)> | C87: <#dbvalue(6_Instrumentation_OSBL_Data;1;"KEYQUANT";)> | D87: =IF(OR(NOT(ISBLANK(B87)), NOT(ISBLANK(C87))), "EACH", "") -> EACH | E87: <#dbvalue(6_Instrumentation_ISBL_Data;1;"Matl";)> | F87: <#dbvalue(6_Instrumentation_OSBL_Data;1;"Matl";)> | G87: <#dbvalue(6_Instrumentation_ISBL_Data;1;"MH";)> | H87: <#dbvalue(6_Instrumentation_OSBL_Data;1;"MH";)> | I87: <#dbvalue(6_Instrumentation_ISBL_Data;1;"Labor";)> | J87: <#dbvalue(6_Instrumentation_OSBL_Data;1;"Labor";)>
A88: Wiring, Cable, Data Highway, Fiber Optic | B88: <#dbvalue(6_Instrumentation_ISBL_Data;2;"KEYQUANT";)> | C88: <#dbvalue(6_Instrumentation_OSBL_Data;2;"KEYQUANT";)> | D88: =IF(OR(NOT(ISBLANK(B88)), NOT(ISBLANK(C88))), UOMInstrumentRunLength, "") -> <#dbvalue(INS_units;0;"KEYUNITS";)> | E88: <#dbvalue(6_Instrumentation_ISBL_Data;2;"Matl";)> | F88: <#dbvalue(6_Instrumentation_OSBL_Data;2;"Matl";)> | G88: <#dbvalue(6_Instrumentation_ISBL_Data;2;"MH";)> | H88: <#dbvalue(6_Instrumentation_OSBL_Data;2;"MH";)> | I88: <#dbvalue(6_Instrumentation_ISBL_Data;2;"Labor";)> | J88: <#dbvalue(6_Instrumentation_OSBL_Data;2;"Labor";)>
A89: Junction Boxes, Cabinets Etc. | B89: <#dbvalue(6_Instrumentation_ISBL_Data;3;"KEYQUANT";)> | C89: <#dbvalue(6_Instrumentation_OSBL_Data;3;"KEYQUANT";)> | D89: =IF(OR(NOT(ISBLANK(B89)), NOT(ISBLANK(C89))), "EACH", "") -> EACH | E89: <#dbvalue(6_Instrumentation_ISBL_Data;3;"Matl";)> | F89: <#dbvalue(6_Instrumentation_OSBL_Data;3;"Matl";)> | G89: <#dbvalue(6_Instrumentation_ISBL_Data;3;"MH";)> | H89: <#dbvalue(6_Instrumentation_OSBL_Data;3;"MH";)> | I89: <#dbvalue(6_Instrumentation_ISBL_Data;3;"Labor";)> | J89: <#dbvalue(6_Instrumentation_OSBL_Data;3;"Labor";)>
A90: Instrumentation Conduit, Fittings | B90: <#dbvalue(6_Instrumentation_ISBL_Data;4;"KEYQUANT";)> | C90: <#dbvalue(6_Instrumentation_OSBL_Data;4;"KEYQUANT";)> | D90: =IF(OR(NOT(ISBLANK(B90)), NOT(ISBLANK(C90))), UOMInstrumentRunLength, "") -> <#dbvalue(INS_units;0;"KEYUNITS";)> | E90: <#dbvalue(6_Instrumentation_ISBL_Data;4;"Matl";)> | F90: <#dbvalue(6_Instrumentation_OSBL_Data;4;"Matl";)> | G90: <#dbvalue(6_Instrumentation_ISBL_Data;4;"MH";)> | H90: <#dbvalue(6_Instrumentation_OSBL_Data;4;"MH";)> | I90: <#dbvalue(6_Instrumentation_ISBL_Data;4;"Labor";)> | J90: <#dbvalue(6_Instrumentation_OSBL_Data;4;"Labor";)>
A91: Instrumentation Cable Tray, Supports | B91: <#dbvalue(6_Instrumentation_ISBL_Data;5;"KEYQUANT";)> | C91: <#dbvalue(6_Instrumentation_OSBL_Data;5;"KEYQUANT";)> | D91: =IF(OR(NOT(ISBLANK(B91)), NOT(ISBLANK(C91))), UOMInstrumentRunLength, "") -> <#dbvalue(INS_units;0;"KEYUNITS";)> | E91: <#dbvalue(6_Instrumentation_ISBL_Data;5;"Matl";)> | F91: <#dbvalue(6_Instrumentation_OSBL_Data;5;"Matl";)> | G91: <#dbvalue(6_Instrumentation_ISBL_Data;5;"MH";)> | H91: <#dbvalue(6_Instrumentation_OSBL_Data;5;"MH";)> | I91: <#dbvalue(6_Instrumentation_ISBL_Data;5;"Labor";)> | J91: <#dbvalue(6_Instrumentation_OSBL_Data;5;"Labor";)>
A92: Computer Control | D92: -- | E92: <#dbvalue(6_Instrumentation_ISBL_Data;6;"Matl";)> | F92: <#dbvalue(6_Instrumentation_OSBL_Data;6;"Matl";)> | G92: <#dbvalue(6_Instrumentation_ISBL_Data;6;"MH";)> | H92: <#dbvalue(6_Instrumentation_OSBL_Data;6;"MH";)> | I92: <#dbvalue(6_Instrumentation_ISBL_Data;6;"Labor";)> | J92: <#dbvalue(6_Instrumentation_OSBL_Data;6;"Labor";)>
A93: Instrument Testing | D93: -- | E93: <#dbvalue(6_Instrumentation_ISBL_Data;7;"Matl";)> | F93: <#dbvalue(6_Instrumentation_OSBL_Data;7;"Matl";)> | G93: <#dbvalue(6_Instrumentation_ISBL_Data;7;"MH";)> | H93: <#dbvalue(6_Instrumentation_OSBL_Data;7;"MH";)> | I93: <#dbvalue(6_Instrumentation_ISBL_Data;7;"Labor";)> | J93: <#dbvalue(6_Instrumentation_OSBL_Data;7;"Labor";)>
A94: Other Instrumentation Items | D94: -- | E94: <#dbvalue(6_Instrumentation_ISBL_Data;8;"Matl";)> | F94: <#dbvalue(6_Instrumentation_OSBL_Data;8;"Matl";)> | G94: <#dbvalue(6_Instrumentation_ISBL_Data;8;"MH";)> | H94: <#dbvalue(6_Instrumentation_OSBL_Data;8;"MH";)> | I94: <#dbvalue(6_Instrumentation_ISBL_Data;8;"Labor";)> | J94: <#dbvalue(6_Instrumentation_OSBL_Data;8;"Labor";)>
A95: Instrumentation Demolition | D95: -- | E95: <#dbvalue(6_Instrumentation_ISBL_Data;9;"Matl";)> | F95: <#dbvalue(6_Instrumentation_OSBL_Data;9;"Matl";)> | G95: <#dbvalue(6_Instrumentation_ISBL_Data;9;"MH";)> | H95: <#dbvalue(6_Instrumentation_OSBL_Data;9;"MH";)> | I95: <#dbvalue(6_Instrumentation_ISBL_Data;9;"Labor";)> | J95: <#dbvalue(6_Instrumentation_OSBL_Data;9;"Labor";)>
A96: INSTRUMENTATION TOTAL | E96: =SUM(E86:E95) -> 0 | F96: =SUM(F86:F95) -> 0 | G96: =SUM(G86:G95) -> 0 | H96: =SUM(H86:H95) -> 0 | I96: =SUM(I86:I95) -> 0 | J96: =SUM(J86:J95) -> 0
A98: ELECTRICAL | C98: Select Wire Length Unit >> | D98: <#dbvalue(ELC_units;0;"KEYUNITS";)>
A99: High Voltage Electrical Cable | B99: <#dbvalue(7_Electrical_ISBL_Data;0;"KEYQUANT";)> | C99: <#dbvalue(7_Electrical_OSBL_Data;0;"KEYQUANT";)> | D99: =IF(OR(NOT(ISBLANK(B99)), NOT(ISBLANK(C99))), UOMElectricalWireLength, "") -> <#dbvalue(ELC_units;0;"KEYUNITS";)> | E99: <#dbvalue(7_Electrical_ISBL_Data;0;"Matl";)> | F99: <#dbvalue(7_Electrical_OSBL_Data;0;"Matl";)> | G99: <#dbvalue(7_Electrical_ISBL_Data;0;"MH";)> | H99: <#dbvalue(7_Electrical_OSBL_Data;0;"MH";)> | I99: <#dbvalue(7_Electrical_ISBL_Data;0;"Labor";)> | J99: <#dbvalue(7_Electrical_OSBL_Data;0;"Labor";)>
A100: Medium Voltage Electrical Cable | B100: <#dbvalue(7_Electrical_ISBL_Data;1;"KEYQUANT";)> | C100: <#dbvalue(7_Electrical_OSBL_Data;1;"KEYQUANT";)> | D100: =IF(OR(NOT(ISBLANK(B100)), NOT(ISBLANK(C100))), UOMElectricalWireLength, "") -> <#dbvalue(ELC_units;0;"KEYUNITS";)> | E100: <#dbvalue(7_Electrical_ISBL_Data;1;"Matl";)> | F100: <#dbvalue(7_Electrical_OSBL_Data;1;"Matl";)> | G100: <#dbvalue(7_Electrical_ISBL_Data;1;"MH";)> | H100: <#dbvalue(7_Electrical_OSBL_Data;1;"MH";)> | I100: <#dbvalue(7_Electrical_ISBL_Data;1;"Labor";)> | J100: <#dbvalue(7_Electrical_OSBL_Data;1;"Labor";)>
A101: Low Voltage Electrical Cable | B101: <#dbvalue(7_Electrical_ISBL_Data;2;"KEYQUANT";)> | C101: <#dbvalue(7_Electrical_OSBL_Data;2;"KEYQUANT";)> | D101: =IF(OR(NOT(ISBLANK(B101)), NOT(ISBLANK(C101))), UOMElectricalWireLength, "") -> <#dbvalue(ELC_units;0;"KEYUNITS";)> | E101: <#dbvalue(7_Electrical_ISBL_Data;2;"Matl";)> | F101: <#dbvalue(7_Electrical_OSBL_Data;2;"Matl";)> | G101: <#dbvalue(7_Electrical_ISBL_Data;2;"MH";)> | H101: <#dbvalue(7_Electrical_OSBL_Data;2;"MH";)> | I101: <#dbvalue(7_Electrical_ISBL_Data;2;"Labor";)> | J101: <#dbvalue(7_Electrical_OSBL_Data;2;"Labor";)>
A102: Control Cable | B102: <#dbvalue(7_Electrical_ISBL_Data;3;"KEYQUANT";)> | C102: <#dbvalue(7_Electrical_OSBL_Data;3;"KEYQUANT";)> | D102: =IF(OR(NOT(ISBLANK(B102)), NOT(ISBLANK(C102))), UOMElectricalWireLength, "") -> <#dbvalue(ELC_units;0;"KEYUNITS";)> | E102: <#dbvalue(7_Electrical_ISBL_Data;3;"Matl";)> | F102: <#dbvalue(7_Electrical_OSBL_Data;3;"Matl";)> | G102: <#dbvalue(7_Electrical_ISBL_Data;3;"MH";)> | H102: <#dbvalue(7_Electrical_OSBL_Data;3;"MH";)> | I102: <#dbvalue(7_Electrical_ISBL_Data;3;"Labor";)> | J102: <#dbvalue(7_Electrical_OSBL_Data;3;"Labor";)>
A103: Lighting Cable | B103: <#dbvalue(7_Electrical_ISBL_Data;4;"KEYQUANT";)> | C103: <#dbvalue(7_Electrical_OSBL_Data;4;"KEYQUANT";)> | D103: =IF(OR(NOT(ISBLANK(B103)), NOT(ISBLANK(C103))), UOMElectricalWireLength, "") -> <#dbvalue(ELC_units;0;"KEYUNITS";)> | E103: <#dbvalue(7_Electrical_ISBL_Data;4;"Matl";)> | F103: <#dbvalue(7_Electrical_OSBL_Data;4;"Matl";)> | G103: <#dbvalue(7_Electrical_ISBL_Data;4;"MH";)> | H103: <#dbvalue(7_Electrical_OSBL_Data;4;"MH";)> | I103: <#dbvalue(7_Electrical_ISBL_Data;4;"Labor";)> | J103: <#dbvalue(7_Electrical_OSBL_Data;4;"Labor";)>
A104: Electrical Conduit, Fittings | B104: <#dbvalue(7_Electrical_ISBL_Data;5;"KEYQUANT";)> | C104: <#dbvalue(7_Electrical_OSBL_Data;5;"KEYQUANT";)> | D104: =IF(OR(NOT(ISBLANK(B104)), NOT(ISBLANK(C104))), UOMElectricalWireLength, "") -> <#dbvalue(ELC_units;0;"KEYUNITS";)> | E104: <#dbvalue(7_Electrical_ISBL_Data;5;"Matl";)> | F104: <#dbvalue(7_Electrical_OSBL_Data;5;"Matl";)> | G104: <#dbvalue(7_Electrical_ISBL_Data;5;"MH";)> | H104: <#dbvalue(7_Electrical_OSBL_Data;5;"MH";)> | I104: <#dbvalue(7_Electrical_ISBL_Data;5;"Labor";)> | J104: <#dbvalue(7_Electrical_OSBL_Data;5;"Labor";)>
A105: Electrical Cable Tray, Supports | B105: <#dbvalue(7_Electrical_ISBL_Data;6;"KEYQUANT";)> | C105: <#dbvalue(7_Electrical_OSBL_Data;6;"KEYQUANT";)> | D105: =IF(OR(NOT(ISBLANK(B105)), NOT(ISBLANK(C105))), UOMElectricalWireLength, "") -> <#dbvalue(ELC_units;0;"KEYUNITS";)> | E105: <#dbvalue(7_Electrical_ISBL_Data;6;"Matl";)> | F105: <#dbvalue(7_Electrical_OSBL_Data;6;"Matl";)> | G105: <#dbvalue(7_Electrical_ISBL_Data;6;"MH";)> | H105: <#dbvalue(7_Electrical_OSBL_Data;6;"MH";)> | I105: <#dbvalue(7_Electrical_ISBL_Data;6;"Labor";)> | J105: <#dbvalue(7_Electrical_OSBL_Data;6;"Labor";)>
A106: Transformers, Switchgear | B106: <#dbvalue(7_Electrical_ISBL_Data;7;"KEYQUANT";)> | C106: <#dbvalue(7_Electrical_OSBL_Data;7;"KEYQUANT";)> | D106: =IF(OR(NOT(ISBLANK(B106)), NOT(ISBLANK(C106))), "EACH", "") -> EACH | E106: <#dbvalue(7_Electrical_ISBL_Data;7;"Matl";)> | F106: <#dbvalue(7_Electrical_OSBL_Data;7;"Matl";)> | G106: <#dbvalue(7_Electrical_ISBL_Data;7;"MH";)> | H106: <#dbvalue(7_Electrical_OSBL_Data;7;"MH";)> | I106: <#dbvalue(7_Electrical_ISBL_Data;7;"Labor";)> | J106: <#dbvalue(7_Electrical_OSBL_Data;7;"Labor";)>
A107: Motor Control Center | B107: <#dbvalue(7_Electrical_ISBL_Data;8;"KEYQUANT";)> | C107: <#dbvalue(7_Electrical_OSBL_Data;8;"KEYQUANT";)> | D107: =IF(OR(NOT(ISBLANK(B107)), NOT(ISBLANK(C107))), "EACH", "") -> EACH | E107: <#dbvalue(7_Electrical_ISBL_Data;8;"Matl";)> | F107: <#dbvalue(7_Electrical_OSBL_Data;8;"Matl";)> | G107: <#dbvalue(7_Electrical_ISBL_Data;8;"MH";)> | H107: <#dbvalue(7_Electrical_OSBL_Data;8;"MH";)> | I107: <#dbvalue(7_Electrical_ISBL_Data;8;"Labor";)> | J107: <#dbvalue(7_Electrical_OSBL_Data;8;"Labor";)>
A108: Other Electrical Equipment | B108: <#dbvalue(7_Electrical_ISBL_Data;9;"KEYQUANT";)> | C108: <#dbvalue(7_Electrical_OSBL_Data;9;"KEYQUANT";)> | D108: =IF(OR(NOT(ISBLANK(B108)), NOT(ISBLANK(C108))), "EACH", "") -> EACH | E108: <#dbvalue(7_Electrical_ISBL_Data;9;"Matl";)> | F108: <#dbvalue(7_Electrical_OSBL_Data;9;"Matl";)> | G108: <#dbvalue(7_Electrical_ISBL_Data;9;"MH";)> | H108: <#dbvalue(7_Electrical_OSBL_Data;9;"MH";)> | I108: <#dbvalue(7_Electrical_ISBL_Data;9;"Labor";)> | J108: <#dbvalue(7_Electrical_OSBL_Data;9;"Labor";)>
A109: Other Electrical Items | B109: <#dbvalue(7_Electrical_ISBL_Data;10;"KEYQUANT";)> | C109: <#dbvalue(7_Electrical_OSBL_Data;10;"KEYQUANT";)> | D109: <#IF(OR(NOT(ISBLANK($B109)), NOT(ISBLANK($C109)));<#dbvalue(7_Electrical_ISBL_Data;10;"KEYUNITS";)>;)> | E109: <#dbvalue(7_Electrical_ISBL_Data;10;"Matl";)> | F109: <#dbvalue(7_Electrical_OSBL_Data;10;"Matl";)> | G109: <#dbvalue(7_Electrical_ISBL_Data;10;"MH";)> | H109: <#dbvalue(7_Electrical_OSBL_Data;10;"MH";)> | I109: <#dbvalue(7_Electrical_ISBL_Data;10;"Labor";)> | J109: <#dbvalue(7_Electrical_OSBL_Data;10;"Labor";)>
A110: Electrical Testing | D110: -- | E110: <#dbvalue(7_Electrical_ISBL_Data;11;"Matl";)> | F110: <#dbvalue(7_Electrical_OSBL_Data;11;"Matl";)> | G110: <#dbvalue(7_Electrical_ISBL_Data;11;"MH";)> | H110: <#dbvalue(7_Electrical_OSBL_Data;11;"MH";)> | I110: <#dbvalue(7_Electrical_ISBL_Data;11;"Labor";)> | J110: <#dbvalue(7_Electrical_OSBL_Data;11;"Labor";)>
A111: Electrical Demolition | D111: -- | E111: <#dbvalue(7_Electrical_ISBL_Data;12;"Matl";)> | F111: <#dbvalue(7_Electrical_OSBL_Data;12;"Matl";)> | G111: <#dbvalue(7_Electrical_ISBL_Data;12;"MH";)> | H111: <#dbvalue(7_Electrical_OSBL_Data;12;"MH";)> | I111: <#dbvalue(7_Electrical_ISBL_Data;12;"Labor";)> | J111: <#dbvalue(7_Electrical_OSBL_Data;12;"Labor";)>
A112: ELECTRICAL TOTAL | E112: =SUM(E99:E111) -> 0 | F112: =SUM(F99:F111) -> 0 | G112: =SUM(G99:G111) -> 0 | H112: =SUM(H99:H111) -> 0 | I112: =SUM(I99:I111) -> 0 | J112: =SUM(J99:J111) -> 0
A114: ELECTRICAL (BY INSTALLATION)
A115: Above Ground Electrical | B115: <#dbvalue(7_ElectricalByInstall_ISBL_Data;0;"KEYQUANT";)> | C115: <#dbvalue(7_ElectricalByInstall_OSBL_Data;0;"KEYQUANT";)> | D115: =IF(OR(NOT(ISBLANK(B115)), NOT(ISBLANK(C115))), UOMElectricalWireLength, "") -> <#dbvalue(ELC_units;0;"KEYUNITS";)> | E115: <#dbvalue(7_ElectricalByInstall_ISBL_Data;0;"Matl";)> | F115: <#dbvalue(7_ElectricalByInstall_OSBL_Data;0;"Matl";)> | G115: <#dbvalue(7_ElectricalByInstall_ISBL_Data;0;"MH";)> | H115: <#dbvalue(7_ElectricalByInstall_OSBL_Data;0;"MH";)> | I115: <#dbvalue(7_ElectricalByInstall_ISBL_Data;0;"Labor";)> | J115: <#dbvalue(7_ElectricalByInstall_OSBL_Data;0;"Labor";)>
...

Sheet Project Indirect Metrics
A1: Description | B1: Labor Hours | C1: =CONCATENATE("Cost (",CurrencySymbol,")") -> Cost ()
A2: CONSTRUCTION INDIRECTS
A3: <#TBL_0_ConstructionIndirects.DESCRIPTION;> | B3: <#TBL_0_ConstructionIndirects.MH;> | C3: <#TBL_0_ConstructionIndirects.Cost;>
A5: CONSTRUCTION INDIRECTS TOTAL | B5: =SUM(B3:B4) -> 0 | C5: =SUM(C3:C4) -> 0
A7: FIELD OFFICE INDIRECTS
A8: <#dbvalue(0_FieldOfficeIndirects;0;"DESCRIPTION";)> | B8: <#dbvalue(0_FieldOfficeIndirects;0;"MH";)> | C8: <#dbvalue(0_FieldOfficeIndirects;0;"Cost";)>
A9: <#dbvalue(0_FieldOfficeIndirects;1;"DESCRIPTION";)> | B9: <#dbvalue(0_FieldOfficeIndirects;1;"MH";)> | C9: <#dbvalue(0_FieldOfficeIndirects;1;"Cost";)>
A10: FIELD OFFICE INDIRECTS TOTAL | B10: =SUM(B8:B9) -> 0 | C10: =SUM(C8:C9) -> 0
A12: ENGINEERING AND PROCUREMENT
A13: <#dbvalue(0_EngineeringAndProcurement;0;"DESCRIPTION";)> | B13: <#dbvalue(0_EngineeringAndProcurement;0;"MH";)> | C13: <#dbvalue(0_EngineeringAndProcurement;0;"Cost";)>
A14: <#dbvalue(0_EngineeringAndProcurement;1;"DESCRIPTION";)> | B14: <#dbvalue(0_EngineeringAndProcurement;1;"MH";)> | C14: <#dbvalue(0_EngineeringAndProcurement;1;"Cost";)>
A15: <#dbvalue(0_EngineeringAndProcurement;2;"DESCRIPTION";)> | B15: <#dbvalue(0_EngineeringAndProcurement;2;"MH";)> | C15: <#dbvalue(0_EngineeringAndProcurement;2;"Cost";)>
A16: <#dbvalue(0_EngineeringAndProcurement;3;"DESCRIPTION";)> | B16: <#dbvalue(0_EngineeringAndProcurement;3;"MH";)> | C16: <#dbvalue(0_EngineeringAndProcurement;3;"Cost";)>
A17: <#dbvalue(0_EngineeringAndProcurement;4;"DESCRIPTION";)> | B17: <#dbvalue(0_EngineeringAndProcurement;4;"MH";)> | C17: <#dbvalue(0_EngineeringAndProcurement;4;"Cost";)>
A18: <#dbvalue(0_EngineeringAndProcurement;5;"DESCRIPTION";)> | B18: <#dbvalue(0_EngineeringAndProcurement;5;"MH";)> | C18: <#dbvalue(0_EngineeringAndProcurement;5;"Cost";)>
A19: ENGINEERING AND PROCUREMENT TOTAL | B19: =SUM(B13:B18) -> 0 | C19: =SUM(C13:C18) -> 0
A21: FREIGHT
A22: <#dbvalue(0_FreightIndirects;0;"DESCRIPTION";)> | B22: <#dbvalue(0_FreightIndirects;0;"MH";)> | C22: <#dbvalue(0_FreightIndirects;0;"Cost";)>
A23: <#dbvalue(0_FreightIndirects;1;"DESCRIPTION";)> | B23: <#dbvalue(0_FreightIndirects;1;"MH";)> | C23: <#dbvalue(0_FreightIndirects;1;"Cost";)>
A24: <#dbvalue(0_FreightIndirects;2;"DESCRIPTION";)> | B24: <#dbvalue(0_FreightIndirects;2;"MH";)> | C24: <#dbvalue(0_FreightIndirects;2;"Cost";)>
A25: <#dbvalue(0_FreightIndirects;3;"DESCRIPTION";)> | B25: <#dbvalue(0_FreightIndirects;3;"MH";)> | C25: <#dbvalue(0_FreightIndirects;3;"Cost";)>
A26: <#dbvalue(0_FreightIndirects;4;"DESCRIPTION";)> | B26: <#dbvalue(0_FreightIndirects;4;"MH";)> | C26: <#dbvalue(0_FreightIndirects;4;"Cost";)>
A27: <#dbvalue(0_FreightIndirects;5;"DESCRIPTION";)> | B27: <#dbvalue(0_FreightIndirects;5;"MH";)> | C27: <#dbvalue(0_FreightIndirects;5;"Cost";)>
A28: FREIGHT TOTAL | B28: =SUM(B22:B27) -> 0 | C28: =SUM(C22:C27) -> 0
A30: TAXES, PERMITS
A31: <#dbvalue(0_TaxesAndPermits;0;"DESCRIPTION";)> | B31: <#dbvalue(0_TaxesAndPermits;0;"MH";)> | C31: <#dbvalue(0_TaxesAndPermits;0;"Cost";)>
A32: <#dbvalue(0_TaxesAndPermits;1;"DESCRIPTION";)> | B32: <#dbvalue(0_TaxesAndPermits;1;"MH";)> | C32: <#dbvalue(0_TaxesAndPermits;1;"Cost";)>
A33: <#dbvalue(0_TaxesAndPermits;2;"DESCRIPTION";)> | B33: <#dbvalue(0_TaxesAndPermits;2;"MH";)> | C33: <#dbvalue(0_TaxesAndPermits;2;"Cost";)>
A34: <#dbvalue(0_TaxesAndPermits;3;"DESCRIPTION";)> | B34: <#dbvalue(0_TaxesAndPermits;3;"MH";)> | C34: <#dbvalue(0_TaxesAndPermits;3;"Cost";)>
A35: <#dbvalue(0_TaxesAndPermits;4;"DESCRIPTION";)> | B35: <#dbvalue(0_TaxesAndPermits;4;"MH";)> | C35: <#dbvalue(0_TaxesAndPermits;4;"Cost";)>
A36: <#dbvalue(0_TaxesAndPermits;5;"DESCRIPTION";)> | B36: <#dbvalue(0_TaxesAndPermits;5;"MH";)> | C36: <#dbvalue(0_TaxesAndPermits;5;"Cost";)>
A37: TAXES, PERMITS TOTAL | B37: =SUM(B31:B36) -> 0 | C37: =SUM(C31:C36) -> 0
A39: OTHER INDIRECTS
A40: <#dbvalue(0_OtherIndirects;0;"DESCRIPTION";)> | B40: <#dbvalue(0_OtherIndirects;0;"MH";)> | C40: <#dbvalue(0_OtherIndirects;0;"Cost";)>
A41: <#dbvalue(0_OtherIndirects;1;"DESCRIPTION";)> | B41: <#dbvalue(0_OtherIndirects;1;"MH";)> | C41: <#dbvalue(0_OtherIndirects;1;"Cost";)>
A42: <#dbvalue(0_OtherIndirects;2;"DESCRIPTION";)> | B42: <#dbvalue(0_OtherIndirects;2;"MH";)> | C42: <#dbvalue(0_OtherIndirects;2;"Cost";)>
A43: <#dbvalue(0_OtherIndirects;3;"DESCRIPTION";)> | B43: <#dbvalue(0_OtherIndirects;3;"MH";)> | C43: <#dbvalue(0_OtherIndirects;3;"Cost";)>
A44: <#dbvalue(0_OtherIndirects;4;"DESCRIPTION";)> | B44: <#dbvalue(0_OtherIndirects;4;"MH";)> | C44: <#dbvalue(0_OtherIndirects;4;"Cost";)>
A45: <#dbvalue(0_OtherIndirects;5;"DESCRIPTION";)> | B45: <#dbvalue(0_OtherIndirects;5;"MH";)> | C45: <#dbvalue(0_OtherIndirects;5;"Cost";)>
A46: OTHER INDIRECTS TOTAL | B46: =SUM(B40:B45) -> 0 | C46: =SUM(C40:C45) -> 0
A48: ESCALATION, CONTINGENCY
A49: <#dbvalue(0_EscalationAndContingency;0;"DESCRIPTION";)> | B49: <#dbvalue(0_EscalationAndContingency;0;"MH";)> | C49: <#dbvalue(0_EscalationAndContingency;0;"Cost";)>
A50: <#dbvalue(0_EscalationAndContingency;1;"DESCRIPTION";)> | B50: <#dbvalue(0_EscalationAndContingency;1;"MH";)> | C50: <#dbvalue(0_EscalationAndContingency;1;"Cost";)>
A51: ESCALATION, CONTINGENCY TOTAL | B51: =SUM(B49:B50) -> 0 | C51: =SUM(C49:C50) -> 0
A53: TOTAL FIELD INDIRECTS | B53: =B5+B10 -> 0 | C53: =C5+C10 -> 0
A54: TOTAL NON-FIELD INDIRECTS | B54: =B19+B28+B37+B46+B51 -> 0 | C54: =C19+C28+C37+C46+C51 -> 0
A55: TOTAL PROJECT INDIRECTS | B55: =SUM(B53:B54) -> 0 | C55: =SUM(C53:C54) -> 0

Sheet <#Config>
A3: Included Configs:
A4: Data Sources:
A5: Application to run:
A8: Data | H8: Format | M8: Expressions
A9: Table Name | B9: Source Name | C9: Filter | D9: Sort Fields ("," separated) ASC or DESC | H9: Format Name | I9: Format Def | M9: Name | N9: Expression
A10: TBL_0_ProjectInfo | B10: 0_ProjectInfo | H10: NumVal(Border;NumericFormat;TextAlign) | I10: 1234.56
A11: TBL_0_ConstructionIndirects | B11: 0_ConstructionIndirects | H11: Desc(Border;TextAlign) | I11: Test
A12: EQP_units | B12: 2_Equipment_ISBL_Data | C12: KEYQUANT > 0 | H12: Desc1(TextAlign) | I12: Test
A13: PIP_units | B13: 3_PipingByInstall_ISBL_Data | C13: KEYQUANT > 0 | H13: NumVal1(NumericFormat;TextAlign) | I13: 1234.56
A14: STL_units | B14: 5_Steel_ISBL_Data | C14: KEYQUANT > 0 | H14: Decimal2 | I14: 1234.5
A15: ELC_units | B15: 7_ElectricalByInstall_ISBL_Data | C15: KEYQUANT > 0 | H15: Decimal1 | I15: 1234.5
A16: INS_units | B16: 6_Instrumentation_ISBL_Data | C16: KEYQUANT > 0 AND KEYUNITS <> 'EACH' | H16: RightBorder(Border)
A17: PNT_units | B17: 9_Paint_ISBL_Data | C17: KEYQUANT > 0

Sheet DropdownLists
A1: US | B1: I-P | C1: ASME | D1: ASME | E1: ASME | F1: ASCE 7-05 | G1: I | H1: 0 | I1: SOFT CLAY | J1: STD | K1: Wired, conventional | L1: Zone 0 (IEC) | M1: 50 Hz | N1: 3WIRE
A2: UK | B2: METRIC | C2: BS5500 | D2: DIN EN | E2: DIN EN | F2: ASCE 7-10 | G2: II | H2: 1 | I2: FIRM CLAY | J2: FULL | K2: Digital, fieldbus | L2: Zone 1 (IEC) | M2: 60 Hz | N2: 4WIRE
A3: EU | C3: DIN | D3: GB | E3: HGT20592 | G3: III | H3: 2A | I3: WET SAND | J3: SIS | L3: Zone 2 (IEC)
A4: JP | C4: EN 13445 | D4: PN | E4: HGT20615 | G4: IV | H4: 2B | I4: SAND+CLAY | L4: Class I, division 1 (NEC)
A5: ME | C5: GB 150 | H5: 3 | I5: DRY SAND | L5: Class I, division 2 (NEC)
C6: JIS | H6: 4 | I6: SAND | L6: Class II, division 1 (NEC)
I7: GRAVEL | L7: Class II, division 2 (NEC)
I8: SOFT ROCK | L8: Class III,division 1 (NEC)
I9: HARDPAN | L9: Class III,division 2 (NEC)
I10: MED-ROCK
I11: HARD ROCK
A20: Estimate | B20: Greenfield | C20: Stick Built | D20: New Process | E20: ITEMS | F20: FEET | G20: TON | H20: SF | I20: CY | J20: SF | K20: SF | L20: SY
A21: Actual Cost | B21: Brownfield | C21: Modular | D21: Proven Process | E21: EACH | F21: M | G21: METRIC TONNE | H21: M2 | I21: M3 | J21: M2 | K21: M2 | L21: M2
B22: Revamp | C22: Mixed | D22: New & Unproven Process | J22: FEET | K22: CY | L22: CY
D23: Redesigned Process | J23: M | K23: M3 | L23: M3
D24: Licensed Process

Sheet Formulas_DO_NOT_EDIT
A1: Description | B1: ISBL Label | C1: OSBL Label | D1: ISBL Formula | E1: OSBL Formula
A2: Boiler Plant Equipment | B2: =CONCATENATE("ISBL: ",A2," Qty") -> ISBL: Boiler Plant Equipment Qty | C2: =CONCATENATE("OSBL: ",A2," Qty") -> OSBL: Boiler Plant Equipment Qty | D2: ='Project Direct Metrics'!$B$4 -> <#dbvalue(2_Equipment_ISBL_Data;0;"KEYQUANT";)> | E2: ='Project Direct Metrics'!$C$4 -> <#dbvalue(2_Equipment_OSBL_Data;0;"KEYQUANT";)>
A3: Centrifugal Compressors | B3: =CONCATENATE("ISBL: ",A3," Qty") -> ISBL: Centrifugal Compressors Qty | C3: =CONCATENATE("OSBL: ",A3," Qty") -> OSBL: Centrifugal Compressors Qty | D3: ='Project Direct Metrics'!$B$5 -> <#dbvalue(2_Equipment_ISBL_Data;1;"KEYQUANT";)> | E3: ='Project Direct Metrics'!$C$5 -> <#dbvalue(2_Equipment_OSBL_Data;1;"KEYQUANT";)>
A4: Crushers, Mills | B4: =CONCATENATE("ISBL: ",A4," Qty") -> ISBL: Crushers, Mills Qty | C4: =CONCATENATE("OSBL: ",A4," Qty") -> OSBL: Crushers, Mills Qty | D4: ='Project Direct Metrics'!$B$6 -> <#dbvalue(2_Equipment_ISBL_Data;2;"KEYQUANT";)> | E4: ='Project Direct Metrics'!$C$6 -> <#dbvalue(2_Equipment_OSBL_Data;2;"KEYQUANT";)>
A5: Drivers | B5: =CONCATENATE("ISBL: ",A5," Qty") -> ISBL: Drivers Qty | C5: =CONCATENATE("OSBL: ",A5," Qty") -> OSBL: Drivers Qty | D5: ='Project Direct Metrics'!$B$7 -> <#dbvalue(2_Equipment_ISBL_Data;3;"KEYQUANT";)> | E5: ='Project Direct Metrics'!$C$7 -> <#dbvalue(2_Equipment_OSBL_Data;3;"KEYQUANT";)>
A6: Fans, Blowers | B6: =CONCATENATE("ISBL: ",A6," Qty") -> ISBL: Fans, Blowers Qty | C6: =CONCATENATE("OSBL: ",A6," Qty") -> OSBL: Fans, Blowers Qty | D6: ='Project Direct Metrics'!$B$8 -> <#dbvalue(2_Equipment_ISBL_Data;4;"KEYQUANT";)> | E6: ='Project Direct Metrics'!$C$8 -> <#dbvalue(2_Equipment_OSBL_Data;4;"KEYQUANT";)>
A7: Flares | B7: =CONCATENATE("ISBL: ",A7," Qty") -> ISBL: Flares Qty | C7: =CONCATENATE("OSBL: ",A7," Qty") -> OSBL: Flares Qty | D7: ='Project Direct Metrics'!$B$9 -> <#dbvalue(2_Equipment_ISBL_Data;5;"KEYQUANT";)> | E7: ='Project Direct Metrics'!$C$9 -> <#dbvalue(2_Equipment_OSBL_Data;5;"KEYQUANT";)>
A8: Fluid Separation Equipment | B8: =CONCATENATE("ISBL: ",A8," Qty") -> ISBL: Fluid Separation Equipment Qty | C8: =CONCATENATE("OSBL: ",A8," Qty") -> OSBL: Fluid Separation Equipment Qty | D8: ='Project Direct Metrics'!$B$10 -> <#dbvalue(2_Equipment_ISBL_Data;6;"KEYQUANT";)> | E8: ='Project Direct Metrics'!$C$10 -> <#dbvalue(2_Equipment_OSBL_Data;6;"KEYQUANT";)>
A9: Furnaces, Heaters | B9: =CONCATENATE("ISBL: ",A9," Qty") -> ISBL: Furnaces, Heaters Qty | C9: =CONCATENATE("OSBL: ",A9," Qty") -> OSBL: Furnaces, Heaters Qty | D9: ='Project Direct Metrics'!$B$11 -> <#dbvalue(2_Equipment_ISBL_Data;7;"KEYQUANT";)> | E9: ='Project Direct Metrics'!$C$11 -> <#dbvalue(2_Equipment_OSBL_Data;7;"KEYQUANT";)>
A10: Generators | B10: =CONCATENATE("ISBL: ",A10," Qty") -> ISBL: Generators Qty | C10: =CONCATENATE("OSBL: ",A10," Qty") -> OSBL: Generators Qty | D10: ='Project Direct Metrics'!$B$12 -> <#dbvalue(2_Equipment_ISBL_Data;8;"KEYQUANT";)> | E10: ='Project Direct Metrics'!$C$12 -> <#dbvalue(2_Equipment_OSBL_Data;8;"KEYQUANT";)>
A11: Heat Exchangers | B11: =CONCATENATE("ISBL: ",A11," Qty") -> ISBL: Heat Exchangers Qty | C11: =CONCATENATE("OSBL: ",A11," Qty") -> OSBL: Heat Exchangers Qty | D11: ='Project Direct Metrics'!$B$13 -> <#dbvalue(2_Equipment_ISBL_Data;9;"KEYQUANT";)> | E11: ='Project Direct Metrics'!$C$13 -> <#dbvalue(2_Equipment_OSBL_Data;9;"KEYQUANT";)>
A12: Material Handling Equipment | B12: =CONCATENATE("ISBL: ",A12," Qty") -> ISBL: Material Handling Equipment Qty | C12: =CONCATENATE("OSBL: ",A12," Qty") -> OSBL: Material Handling Equipment Qty | D12: ='Project Direct Metrics'!$B$14 -> <#dbvalue(2_Equipment_ISBL_Data;10;"KEYQUANT";)> | E12: ='Project Direct Metrics'!$C$14 -> <#dbvalue(2_Equipment_OSBL_Data;10;"KEYQUANT";)>
A13: Package Units | B13: =CONCATENATE("ISBL: ",A13," Qty") -> ISBL: Package Units Qty | C13: =CONCATENATE("OSBL: ",A13," Qty") -> OSBL: Package Units Qty | D13: ='Project Direct Metrics'!$B$15 -> <#dbvalue(2_Equipment_ISBL_Data;11;"KEYQUANT";)> | E13: ='Project Direct Metrics'!$C$15 -> <#dbvalue(2_Equipment_OSBL_Data;11;"KEYQUANT";)>
A14: Process Vessels | B14: =CONCATENATE("ISBL: ",A14," Qty") -> ISBL: Process Vessels Qty | C14: =CONCATENATE("OSBL: ",A14," Qty") -> OSBL: Process Vessels Qty | D14: ='Project Direct Metrics'!$B$16 -> <#dbvalue(2_Equipment_ISBL_Data;12;"KEYQUANT";)> | E14: ='Project Direct Metrics'!$C$16 -> <#dbvalue(2_Equipment_OSBL_Data;12;"KEYQUANT";)>
A15: Pumps | B15: =CONCATENATE("ISBL: ",A15," Qty") -> ISBL: Pumps Qty | C15: =CONCATENATE("OSBL: ",A15," Qty") -> OSBL: Pumps Qty | D15: ='Project Direct Metrics'!$B$17 -> <#dbvalue(2_Equipment_ISBL_Data;13;"KEYQUANT";)> | E15: ='Project Direct Metrics'!$C$17 -> <#dbvalue(2_Equipment_OSBL_Data;13;"KEYQUANT";)>
A16: Reactors, Mixers | B16: =CONCATENATE("ISBL: ",A16," Qty") -> ISBL: Reactors, Mixers Qty | C16: =CONCATENATE("OSBL: ",A16," Qty") -> OSBL: Reactors, Mixers Qty | D16: ='Project Direct Metrics'!$B$18 -> <#dbvalue(2_Equipment_ISBL_Data;14;"KEYQUANT";)> | E16: ='Project Direct Metrics'!$C$18 -> <#dbvalue(2_Equipment_OSBL_Data;14;"KEYQUANT";)>
A17: Reciprocating Compressors | B17: =CONCATENATE("ISBL: ",A17," Qty") -> ISBL: Reciprocating Compressors Qty | C17: =CONCATENATE("OSBL: ",A17," Qty") -> OSBL: Reciprocating Compressors Qty | D17: ='Project Direct Metrics'!$B$19 -> <#dbvalue(2_Equipment_ISBL_Data;15;"KEYQUANT";)> | E17: ='Project Direct Metrics'!$C$19 -> <#dbvalue(2_Equipment_OSBL_Data;15;"KEYQUANT";)>
A18: Solids Separation Equipment | B18: =CONCATENATE("ISBL: ",A18," Qty") -> ISBL: Solids Separation Equipment Qty | C18: =CONCATENATE("OSBL: ",A18," Qty") -> OSBL: Solids Separation Equipment Qty | D18: ='Project Direct Metrics'!$B$20 -> <#dbvalue(2_Equipment_ISBL_Data;16;"KEYQUANT";)> | E18: ='Project Direct Metrics'!$C$20 -> <#dbvalue(2_Equipment_OSBL_Data;16;"KEYQUANT";)>
A19: Storage Vessels | B19: =CONCATENATE("ISBL: ",A19," Qty") -> ISBL: Storage Vessels Qty | C19: =CONCATENATE("OSBL: ",A19," Qty") -> OSBL: Storage Vessels Qty | D19: ='Project Direct Metrics'!$B$21 -> <#dbvalue(2_Equipment_ISBL_Data;17;"KEYQUANT";)> | E19: ='Project Direct Metrics'!$C$21 -> <#dbvalue(2_Equipment_OSBL_Data;17;"KEYQUANT";)>
A20: Turbo Expanders | B20: =CONCATENATE("ISBL: ",A20," Qty") -> ISBL: Turbo Expanders Qty | C20: =CONCATENATE("OSBL: ",A20," Qty") -> OSBL: Turbo Expanders Qty | D20: ='Project Direct Metrics'!$B$22 -> <#dbvalue(2_Equipment_ISBL_Data;18;"KEYQUANT";)> | E20: ='Project Direct Metrics'!$C$22 -> <#dbvalue(2_Equipment_OSBL_Data;18;"KEYQUANT";)>
A21: Other Equipment Items | B21: =CONCATENATE("ISBL: ",A21," Qty") -> ISBL: Other Equipment Items Qty | C21: =CONCATENATE("OSBL: ",A21," Qty") -> OSBL: Other Equipment Items Qty | D21: ='Project Direct Metrics'!$B$23 -> <#dbvalue(2_Equipment_ISBL_Data;19;"KEYQUANT";)> | E21: ='Project Direct Metrics'!$C$23 -> <#dbvalue(2_Equipment_OSBL_Data;19;"KEYQUANT";)>
A22: Equipment Demolition | B22: =CONCATENATE("ISBL: ",A22," Qty") -> ISBL: Equipment Demolition Qty | C22: =CONCATENATE("OSBL: ",A22," Qty") -> OSBL: Equipment Demolition Qty | D22: ='Project Direct Metrics'!$B$26 -> <#dbvalue(2_Equipment_ISBL_Data;22;"KEYQUANT";)> | E22: ='Project Direct Metrics'!$C$26 -> <#dbvalue(2_Equipment_OSBL_Data;22;"KEYQUANT";)>
A24: CS Pipe | B24: =CONCATENATE("ISBL: ",A24," Qty") -> ISBL: CS Pipe Qty | C24: =CONCATENATE("OSBL: ",A24," Qty") -> OSBL: CS Pipe Qty | D24: ='Project Direct Metrics'!$B$30 -> <#dbvalue(3_Piping_ISBL_Data;0;"KEYQUANT";)> | E24: ='Project Direct Metrics'!$C$30 -> <#dbvalue(3_Piping_OSBL_Data;0;"KEYQUANT";)>
A25: CS Valves, Fittings | B25: =CONCATENATE("ISBL: ",A25," Qty") -> ISBL: CS Valves, Fittings Qty | C25: =CONCATENATE("OSBL: ",A25," Qty") -> OSBL: CS Valves, Fittings Qty | D25: ='Project Direct Metrics'!$B$31 -> <#dbvalue(3_Piping_ISBL_Data;1;"KEYQUANT";)> | E25: ='Project Direct Metrics'!$C$31 -> <#dbvalue(3_Piping_OSBL_Data;1;"KEYQUANT";)>
A26: SS Pipe | B26: =CONCATENATE("ISBL: ",A26," Qty") -> ISBL: SS Pipe Qty | C26: =CONCATENATE("OSBL: ",A26," Qty") -> OSBL: SS Pipe Qty | D26: ='Project Direct Metrics'!$B$32 -> <#dbvalue(3_Piping_ISBL_Data;2;"KEYQUANT";)> | E26: ='Project Direct Metrics'!$C$32 -> <#dbvalue(3_Piping_OSBL_Data;2;"KEYQUANT";)>
A27: SS Valves, Fittings | B27: =CONCATENATE("ISBL: ",A27," Qty") -> ISBL: SS Valves, Fittings Qty | C27: =CONCATENATE("OSBL: ",A27," Qty") -> OSBL: SS Valves, Fittings Qty | D27: ='Project Direct Metrics'!$B$33 -> <#dbvalue(3_Piping_ISBL_Data;3;"KEYQUANT";)> | E27: ='Project Direct Metrics'!$C$33 -> <#dbvalue(3_Piping_OSBL_Data;3;"KEYQUANT";)>
A28: Non-ferrous Pipe | B28: =CONCATENATE("ISBL: ",A28," Qty") -> ISBL: Non-ferrous Pipe Qty | C28: =CONCATENATE("OSBL: ",A28," Qty") -> OSBL: Non-ferrous Pipe Qty | D28: ='Project Direct Metrics'!$B$34 -> <#dbvalue(3_Piping_ISBL_Data;4;"KEYQUANT";)> | E28: ='Project Direct Metrics'!$C$34 -> <#dbvalue(3_Piping_OSBL_Data;4;"KEYQUANT";)>
A29: Non-ferrous Valves, Fittings | B29: =CONCATENATE("ISBL: ",A29," Qty") -> ISBL: Non-ferrous Valves, Fittings Qty | C29: =CONCATENATE("OSBL: ",A29," Qty") -> OSBL: Non-ferrous Valves, Fittings Qty | D29: ='Project Direct Metrics'!$B$35 -> <#dbvalue(3_Piping_ISBL_Data;5;"KEYQUANT";)> | E29: ='Project Direct Metrics'!$C$35 -> <#dbvalue(3_Piping_OSBL_Data;5;"KEYQUANT";)>
A30: Lined Pipe | B30: =CONCATENATE("ISBL: ",A30," Qty") -> ISBL: Lined Pipe Qty | C30: =CONCATENATE("OSBL: ",A30," Qty") -> OSBL: Lined Pipe Qty | D30: ='Project Direct Metrics'!$B$36 -> <#dbvalue(3_Piping_ISBL_Data;6;"KEYQUANT";)> | E30: ='Project Direct Metrics'!$C$36 -> <#dbvalue(3_Piping_OSBL_Data;6;"KEYQUANT";)>
A31: Lined Valves, Fittings | B31: =CONCATENATE("ISBL: ",A31," Qty") -> ISBL: Lined Valves, Fittings Qty | C31: =CONCATENATE("OSBL: ",A31," Qty") -> OSBL: Lined Valves, Fittings Qty | D31: ='Project Direct Metrics'!$B$37 -> <#dbvalue(3_Piping_ISBL_Data;7;"KEYQUANT";)> | E31: ='Project Direct Metrics'!$C$37 -> <#dbvalue(3_Piping_OSBL_Data;7;"KEYQUANT";)>
A32: Non-metallic Pipe | B32: =CONCATENATE("ISBL: ",A32," Qty") -> ISBL: Non-metallic Pipe Qty | C32: =CONCATENATE("OSBL: ",A32," Qty") -> OSBL: Non-metallic Pipe Qty | D32: ='Project Direct Metrics'!$B$38 -> <#dbvalue(3_Piping_ISBL_Data;8;"KEYQUANT";)> | E32: ='Project Direct Metrics'!$C$38 -> <#dbvalue(3_Piping_OSBL_Data;8;"KEYQUANT";)>
A33: Non-metallic Valves, Fittings | B33: =CONCATENATE("ISBL: ",A33," Qty") -> ISBL: Non-metallic Valves, Fittings Qty | C33: =CONCATENATE("OSBL: ",A33," Qty") -> OSBL: Non-metallic Valves, Fittings Qty | D33: ='Project Direct Metrics'!$B$39 -> <#dbvalue(3_Piping_ISBL_Data;9;"KEYQUANT";)> | E33: ='Project Direct Metrics'!$C$39 -> <#dbvalue(3_Piping_OSBL_Data;9;"KEYQUANT";)>
A34: Specialty Piping Items | B34: =CONCATENATE("ISBL: ",A34," Qty") -> ISBL: Specialty Piping Items Qty | C34: =CONCATENATE("OSBL: ",A34," Qty") -> OSBL: Specialty Piping Items Qty | D34: ='Project Direct Metrics'!$B$40 -> <#dbvalue(3_Piping_ISBL_Data;10;"KEYQUANT";)> | E34: ='Project Direct Metrics'!$C$40 -> <#dbvalue(3_Piping_OSBL_Data;10;"KEYQUANT";)>
A35: Firewater Piping | B35: =CONCATENATE("ISBL: ",A35," Qty") -> ISBL: Firewater Piping Qty | C35: =CONCATENATE("OSBL: ",A35," Qty") -> OSBL: Firewater Piping Qty | D35: ='Project Direct Metrics'!$B$41 -> <#dbvalue(3_Piping_ISBL_Data;11;"KEYQUANT";)> | E35: ='Project Direct Metrics'!$C$41 -> <#dbvalue(3_Piping_OSBL_Data;11;"KEYQUANT";)>
A36: Ductwork, Launders | B36: =CONCATENATE("ISBL: ",A36," Qty") -> ISBL: Ductwork, Launders Qty | C36: =CONCATENATE("OSBL: ",A36," Qty") -> OSBL: Ductwork, Launders Qty | D36: ='Project Direct Metrics'!$B$42 -> <#dbvalue(3_Piping_ISBL_Data;12;"KEYQUANT";)> | E36: ='Project Direct Metrics'!$C$42 -> <#dbvalue(3_Piping_OSBL_Data;12;"KEYQUANT";)>
A37: Pipelines | B37: =CONCATENATE("ISBL: ",A37," Qty") -> ISBL: Pipelines Qty | C37: =CONCATENATE("OSBL: ",A37," Qty") -> OSBL: Pipelines Qty | D37: ='Project Direct Metrics'!$B$43 -> <#dbvalue(3_Piping_ISBL_Data;13;"KEYQUANT";)> | E37: ='Project Direct Metrics'!$C$43 -> <#dbvalue(3_Piping_OSBL_Data;13;"KEYQUANT";)>
A38: Other Piping | B38: =CONCATENATE("ISBL: ",A38," Qty") -> ISBL: Other Piping Qty | C38: =CONCATENATE("OSBL: ",A38," Qty") -> OSBL: Other Piping Qty | D38: ='Project Direct Metrics'!$B$44 -> <#dbvalue(3_Piping_ISBL_Data;14;"KEYQUANT";)> | E38: ='Project Direct Metrics'!$C$44 -> <#dbvalue(3_Piping_OSBL_Data;14;"KEYQUANT";)>
A39: Pipe Demolition | B39: =CONCATENATE("ISBL: ",A39," Qty") -> ISBL: Pipe Demolition Qty | C39: =CONCATENATE("OSBL: ",A39," Qty") -> OSBL: Pipe Demolition Qty | D39: ='Project Direct Metrics'!$B$46 -> <#dbvalue(3_Piping_ISBL_Data;16;"KEYQUANT";)> | E39: ='Project Direct Metrics'!$C$46 -> <#dbvalue(3_Piping_OSBL_Data;16;"KEYQUANT";)>
A41: Above Ground (AG) Piping | B41: =CONCATENATE("ISBL: ",A41," Qty") -> ISBL: Above Ground (AG) Piping Qty | C41: =CONCATENATE("OSBL: ",A41," Qty") -> OSBL: Above Ground (AG) Piping Qty | D41: ='Project Direct Metrics'!$B$50 -> <#dbvalue(3_PipingByInstall_ISBL_Data;0;"KEYQUANT";)> | E41: ='Project Direct Metrics'!$C$50 -> <#dbvalue(3_PipingByInstall_OSBL_Data;0;"KEYQUANT";)>
A42: Underground (UG) Piping | B42: =CONCATENATE("ISBL: ",A42," Qty") -> ISBL: Underground (UG) Piping Qty | C42: =CONCATENATE("OSBL: ",A42," Qty") -> OSBL: Underground (UG) Piping Qty | D42: ='Project Direct Metrics'!$B$51 -> <#dbvalue(3_PipingByInstall_ISBL_Data;1;"KEYQUANT";)> | E42: ='Project Direct Metrics'!$C$51 -> <#dbvalue(3_PipingByInstall_OSBL_Data;1;"KEYQUANT";)>
A43: Extra-small Diameter | B43: =CONCATENATE("ISBL: ",A43," Qty") -> ISBL: Extra-small Diameter Qty | C43: =CONCATENATE("OSBL: ",A43," Qty") -> OSBL: Extra-small Diameter Qty | D43: ='Project Direct Metrics'!$B$54 -> <#dbvalue(3_PipingBySize_ISBL_Data;0;"KEYQUANT";)> | E43: ='Project Direct Metrics'!$C$54 -> <#dbvalue(3_PipingBySize_OSBL_Data;0;"KEYQUANT";)>
A44: Small Diameter | B44: =CONCATENATE("ISBL: ",A44," Qty") -> ISBL: Small Diameter Qty | C44: =CONCATENATE("OSBL: ",A44," Qty") -> OSBL: Small Diameter Qty | D44: ='Project Direct Metrics'!$B$55 -> <#dbvalue(3_PipingBySize_ISBL_Data;1;"KEYQUANT";)> | E44: ='Project Direct Metrics'!$C$55 -> <#dbvalue(3_PipingBySize_OSBL_Data;1;"KEYQUANT";)>
A45: Medium Diameter | B45: =CONCATENATE("ISBL: ",A45," Qty") -> ISBL: Medium Diameter Qty | C45: =CONCATENATE("OSBL: ",A45," Qty") -> OSBL: Medium Diameter Qty | D45: ='Project Direct Metrics'!$B$56 -> <#dbvalue(3_PipingBySize_ISBL_Data;2;"KEYQUANT";)> | E45: ='Project Direct Metrics'!$C$56 -> <#dbvalue(3_PipingBySize_OSBL_Data;2;"KEYQUANT";)>
A46: Large Diameter | B46: =CONCATENATE("ISBL: ",A46," Qty") -> ISBL: Large Diameter Qty | C46: =CONCATENATE("OSBL: ",A46," Qty") -> OSBL: Large Diameter Qty | D46: ='Project Direct Metrics'!$B$57 -> <#dbvalue(3_PipingBySize_ISBL_Data;3;"KEYQUANT";)> | E46: ='Project Direct Metrics'!$C$57 -> <#dbvalue(3_PipingBySize_OSBL_Data;3;"KEYQUANT";)>
A47: Extra-large Diameter | B47: =CONCATENATE("ISBL: ",A47," Qty") -> ISBL: Extra-large Diameter Qty | C47: =CONCATENATE("OSBL: ",A47," Qty") -> OSBL: Extra-large Diameter Qty | D47: ='Project Direct Metrics'!$B$58 -> <#dbvalue(3_PipingBySize_ISBL_Data;4;"KEYQUANT";)> | E47: ='Project Direct Metrics'!$C$58 -> <#dbvalue(3_PipingBySize_OSBL_Data;4;"KEYQUANT";)>
A49: Earthwork | B49: =CONCATENATE("ISBL: ",A49," Qty") -> ISBL: Earthwork Qty | C49: =CONCATENATE("OSBL: ",A49," Qty") -> OSBL: Earthwork Qty | D49: ='Project Direct Metrics'!$B$61 -> <#dbvalue(4_Civil_ISBL_Data;0;"KEYQUANT";)> | E49: ='Project Direct Metrics'!$C$61 -> <#dbvalue(4_Civil_OSBL_Data;0;"KEYQUANT";)>
A50: Roads, Railroads | B50: =CONCATENATE("ISBL: ",A50," Qty") -> ISBL: Roads, Railroads Qty | C50: =CONCATENATE("OSBL: ",A50," Qty") -> OSBL: Roads, Railroads Qty | D50: ='Project Direct Metrics'!$B$62 -> <#dbvalue(4_Civil_ISBL_Data;1;"KEYQUANT";)> | E50: ='Project Direct Metrics'!$C$62 -> <#dbvalue(4_Civil_OSBL_Data;1;"KEYQUANT";)>
A51: Piling | B51: =CONCATENATE("ISBL: ",A51," Qty") -> ISBL: Piling Qty | C51: =CONCATENATE("OSBL: ",A51," Qty") -> OSBL: Piling Qty | D51: ='Project Direct Metrics'!$B$63 -> <#dbvalue(4_Civil_ISBL_Data;2;"KEYQUANT";)> | E51: ='Project Direct Metrics'!$C$63 -> <#dbvalue(4_Civil_OSBL_Data;2;"KEYQUANT";)>
A52: Paving | B52: =CONCATENATE("ISBL: ",A52," Qty") -> ISBL: Paving Qty | C52: =CONCATENATE("OSBL: ",A52," Qty") -> OSBL: Paving Qty | D52: ='Project Direct Metrics'!$B$64 -> <#dbvalue(4_Civil_ISBL_Data;3;"KEYQUANT";)> | E52: ='Project Direct Metrics'!$C$64 -> <#dbvalue(4_Civil_OSBL_Data;3;"KEYQUANT";)>
A53: Concrete | B53: =CONCATENATE("ISBL: ",A53," Qty") -> ISBL: Concrete Qty | C53: =CONCATENATE("OSBL: ",A53," Qty") -> OSBL: Concrete Qty | D53: ='Project Direct Metrics'!$B$65 -> <#dbvalue(4_Civil_ISBL_Data;4;"KEYQUANT";)> | E53: ='Project Direct Metrics'!$C$65 -> <#dbvalue(4_Civil_OSBL_Data;4;"KEYQUANT";)>
A54: Grout | B54: =CONCATENATE("ISBL: ",A54," Qty") -> ISBL: Grout Qty | C54: =CONCATENATE("OSBL: ",A54," Qty") -> OSBL: Grout Qty | D54: ='Project Direct Metrics'!$B$66 -> <#dbvalue(4_Civil_ISBL_Data;5;"KEYQUANT";)> | E54: ='Project Direct Metrics'!$C$66 -> <#dbvalue(4_Civil_OSBL_Data;5;"KEYQUANT";)>
A55: Rebar | B55: =CONCATENATE("ISBL: ",A55," Qty") -> ISBL: Rebar Qty | C55: =CONCATENATE("OSBL: ",A55," Qty") -> OSBL: Rebar Qty | D55: ='Project Direct Metrics'!$B$67 -> <#dbvalue(4_Civil_ISBL_Data;6;"KEYQUANT";)> | E55: ='Project Direct Metrics'!$C$67 -> <#dbvalue(4_Civil_OSBL_Data;6;"KEYQUANT";)>
A56: Buildings, Architectural | B56: =CONCATENATE("ISBL: ",A56," Qty") -> ISBL: Buildings, Architectural Qty | C56: =CONCATENATE("OSBL: ",A56," Qty") -> OSBL: Buildings, Architectural Qty | D56: ='Project Direct Metrics'!$B$68 -> <#dbvalue(4_Civil_ISBL_Data;7;"KEYQUANT";)> | E56: ='Project Direct Metrics'!$C$68 -> <#dbvalue(4_Civil_OSBL_Data;7;"KEYQUANT";)>
A58: Extra Light | B58: =CONCATENATE("ISBL: ",A58," Qty") -> ISBL: Extra Light Qty | C58: =CONCATENATE("OSBL: ",A58," Qty") -> OSBL: Extra Light Qty | D58: ='Project Direct Metrics'!$B$75 -> <#dbvalue(5_Steel_ISBL_Data;0;"KEYQUANT";)> | E58: ='Project Direct Metrics'!$C$75 -> <#dbvalue(5_Steel_OSBL_Data;0;"KEYQUANT";)>
A59: Light | B59: =CONCATENATE("ISBL: ",A59," Qty") -> ISBL: Light Qty | C59: =CONCATENATE("OSBL: ",A59," Qty") -> OSBL: Light Qty | D59: ='Project Direct Metrics'!$B$76 -> <#dbvalue(5_Steel_ISBL_Data;1;"KEYQUANT";)> | E59: ='Project Direct Metrics'!$C$76 -> <#dbvalue(5_Steel_OSBL_Data;1;"KEYQUANT";)>
A60: Medium | B60: =CONCATENATE("ISBL: ",A60," Qty") -> ISBL: Medium Qty | C60: =CONCATENATE("OSBL: ",A60," Qty") -> OSBL: Medium Qty | D60: ='Project Direct Metrics'!$B$77 -> <#dbvalue(5_Steel_ISBL_Data;2;"KEYQUANT";)> | E60: ='Project Direct Metrics'!$C$77 -> <#dbvalue(5_Steel_OSBL_Data;2;"KEYQUANT";)>
A61: Heavy | B61: =CONCATENATE("ISBL: ",A61," Qty") -> ISBL: Heavy Qty | C61: =CONCATENATE("OSBL: ",A61," Qty") -> OSBL: Heavy Qty | D61: ='Project Direct Metrics'!$B$78 -> <#dbvalue(5_Steel_ISBL_Data;3;"KEYQUANT";)> | E61: ='Project Direct Metrics'!$C$78 -> <#dbvalue(5_Steel_OSBL_Data;3;"KEYQUANT";)>
A62: Extra Heavy | B62: =CONCATENATE("ISBL: ",A62," Qty") -> ISBL: Extra Heavy Qty | C62: =CONCATENATE("OSBL: ",A62," Qty") -> OSBL: Extra Heavy Qty | D62: ='Project Direct Metrics'!$B$79 -> <#dbvalue(5_Steel_ISBL_Data;4;"KEYQUANT";)> | E62: ='Project Direct Metrics'!$C$79 -> <#dbvalue(5_Steel_OSBL_Data;4;"KEYQUANT";)>
A63: Offshore Steel | B63: =CONCATENATE("ISBL: ",A63," Qty") -> ISBL: Offshore Steel Qty | C63: =CONCATENATE("OSBL: ",A63," Qty") -> OSBL: Offshore Steel Qty | D63: ='Project Direct Metrics'!$B$80 -> <#dbvalue(5_Steel_ISBL_Data;5;"KEYQUANT";)> | E63: ='Project Direct Metrics'!$C$80 -> <#dbvalue(5_Steel_OSBL_Data;5;"KEYQUANT";)>
A64: Other Steel Items | B64: =CONCATENATE("ISBL: ",A64," Qty") -> ISBL: Other Steel Items Qty | C64: =CONCATENATE("OSBL: ",A64," Qty") -> OSBL: Other Steel Items Qty | D64: ='Project Direct Metrics'!$B$81 -> <#dbvalue(5_Steel_ISBL_Data;6;"KEYQUANT";)> | E64: ='Project Direct Metrics'!$C$81 -> <#dbvalue(5_Steel_OSBL_Data;6;"KEYQUANT";)>
A65: Steel Demolition | B65: =CONCATENATE("ISBL: ",A65," Qty") -> ISBL: Steel Demolition Qty | C65: =CONCATENATE("OSBL: ",A65," Qty") -> OSBL: Steel Demolition Qty | D65: ='Project Direct Metrics'!$B$82 -> <#dbvalue(5_Steel_ISBL_Data;7;"KEYQUANT";)> | E65: ='Project Direct Metrics'!$C$82 -> <#dbvalue(5_Steel_OSBL_Data;7;"KEYQUANT";)>
A67: Sensors | B67: =CONCATENATE("ISBL: ",A67," Qty") -> ISBL: Sensors Qty | C67: =CONCATENATE("OSBL: ",A67," Qty") -> OSBL: Sensors Qty | D67: ='Project Direct Metrics'!$B$86 -> <#dbvalue(6_Instrumentation_ISBL_Data;0;"KEYQUANT";)> | E67: ='Project Direct Metrics'!$C$86 -> <#dbvalue(6_Instrumentation_OSBL_Data;0;"KEYQUANT";)>
A68: Control Valves | B68: =CONCATENATE("ISBL: ",A68," Qty") -> ISBL: Control Valves Qty | C68: =CONCATENATE("OSBL: ",A68," Qty") -> OSBL: Control Valves Qty | D68: ='Project Direct Metrics'!$B$87 -> <#dbvalue(6_Instrumentation_ISBL_Data;1;"KEYQUANT";)> | E68: ='Project Direct Metrics'!$C$87 -> <#dbvalue(6_Instrumentation_OSBL_Data;1;"KEYQUANT";)>
A69: Wiring, Cable, Data Highway, Fiber Optic | B69: =CONCATENATE("ISBL: ",A69," Qty") -> ISBL: Wiring, Cable, Data Highway, Fiber Optic Qty | C69: =CONCATENATE("OSBL: ",A69," Qty") -> OSBL: Wiring, Cable, Data Highway, Fiber Optic Qty | D69: ='Project Direct Metrics'!$B$88 -> <#dbvalue(6_Instrumentation_ISBL_Data;2;"KEYQUANT";)> | E69: ='Project Direct Metrics'!$C$88 -> <#dbvalue(6_Instrumentation_OSBL_Data;2;"KEYQUANT";)>
A70: Junction Boxes, Cabinets Etc. | B70: =CONCATENATE("ISBL: ",A70," Qty") -> ISBL: Junction Boxes, Cabinets Etc. Qty | C70: =CONCATENATE("OSBL: ",A70," Qty") -> OSBL: Junction Boxes, Cabinets Etc. Qty | D70: ='Project Direct Metrics'!$B$89 -> <#dbvalue(6_Instrumentation_ISBL_Data;3;"KEYQUANT";)> | E70: ='Project Direct Metrics'!$C$89 -> <#dbvalue(6_Instrumentation_OSBL_Data;3;"KEYQUANT";)>
A71: Instrumentation Conduit, Fittings | B71: =CONCATENATE("ISBL: ",A71," Qty") -> ISBL: Instrumentation Conduit, Fittings Qty | C71: =CONCATENATE("OSBL: ",A71," Qty") -> OSBL: Instrumentation Conduit, Fittings Qty | D71: ='Project Direct Metrics'!$B$90 -> <#dbvalue(6_Instrumentation_ISBL_Data;4;"KEYQUANT";)> | E71: ='Project Direct Metrics'!$C$90 -> <#dbvalue(6_Instrumentation_OSBL_Data;4;"KEYQUANT";)>
A72: Instrumentation Cable Tray, Supports | B72: =CONCATENATE("ISBL: ",A72," Qty") -> ISBL: Instrumentation Cable Tray, Supports Qty | C72: =CONCATENATE("OSBL: ",A72," Qty") -> OSBL: Instrumentation Cable Tray, Supports Qty | D72: ='Project Direct Metrics'!$B$91 -> <#dbvalue(6_Instrumentation_ISBL_Data;5;"KEYQUANT";)> | E72: ='Project Direct Metrics'!$C$91 -> <#dbvalue(6_Instrumentation_OSBL_Data;5;"KEYQUANT";)>
A74: High Voltage Electrical Cable | B74: =CONCATENATE("ISBL: ",A74," Qty") -> ISBL: High Voltage Electrical Cable Qty | C74: =CONCATENATE("OSBL: ",A74," Qty") -> OSBL: High Voltage Electrical Cable Qty | D74: ='Project Direct Metrics'!$B$99 -> <#dbvalue(7_Electrical_ISBL_Data;0;"KEYQUANT";)> | E74: ='Project Direct Metrics'!$C$99 -> <#dbvalue(7_Electrical_OSBL_Data;0;"KEYQUANT";)>
A75: Medium Voltage Electrical Cable | B75: =CONCATENATE("ISBL: ",A75," Qty") -> ISBL: Medium Voltage Electrical Cable Qty | C75: =CONCATENATE("OSBL: ",A75," Qty") -> OSBL: Medium Voltage Electrical Cable Qty | D75: ='Project Direct Metrics'!$B$100 -> <#dbvalue(7_Electrical_ISBL_Data;1;"KEYQUANT";)> | E75: ='Project Direct Metrics'!$C$100 -> <#dbvalue(7_Electrical_OSBL_Data;1;"KEYQUANT";)>
A76: Low Voltage Electrical Cable | B76: =CONCATENATE("ISBL: ",A76," Qty") -> ISBL: Low Voltage Electrical Cable Qty | C76: =CONCATENATE("OSBL: ",A76," Qty") -> OSBL: Low Voltage Electrical Cable Qty | D76: ='Project Direct Metrics'!$B$101 -> <#dbvalue(7_Electrical_ISBL_Data;2;"KEYQUANT";)> | E76: ='Project Direct Metrics'!$C$101 -> <#dbvalue(7_Electrical_OSBL_Data;2;"KEYQUANT";)>
A77: Control Cable | B77: =CONCATENATE("ISBL: ",A77," Qty") -> ISBL: Control Cable Qty | C77: =CONCATENATE("OSBL: ",A77," Qty") -> OSBL: Control Cable Qty | D77: ='Project Direct Metrics'!$B$102 -> <#dbvalue(7_Electrical_ISBL_Data;3;"KEYQUANT";)> | E77: ='Project Direct Metrics'!$C$102 -> <#dbvalue(7_Electrical_OSBL_Data;3;"KEYQUANT";)>
A78: Lighting Cable | B78: =CONCATENATE("ISBL: ",A78," Qty") -> ISBL: Lighting Cable Qty | C78: =CONCATENATE("OSBL: ",A78," Qty") -> OSBL: Lighting Cable Qty | D78: ='Project Direct Metrics'!$B$103 -> <#dbvalue(7_Electrical_ISBL_Data;4;"KEYQUANT";)> | E78: ='Project Direct Metrics'!$C$103 -> <#dbvalue(7_Electrical_OSBL_Data;4;"KEYQUANT";)>
A79: Conduit, Fittings | B79: =CONCATENATE("ISBL: ",A79," Qty") -> ISBL: Conduit, Fittings Qty | C79: =CONCATENATE("OSBL: ",A79," Qty") -> OSBL: Conduit, Fittings Qty | D79: ='Project Direct Metrics'!$B$104 -> <#dbvalue(7_Electrical_ISBL_Data;5;"KEYQUANT";)> | E79: ='Project Direct Metrics'!$C$104 -> <#dbvalue(7_Electrical_OSBL_Data;5;"KEYQUANT";)>
A80: Cable Tray, Supports | B80: =CONCATENATE("ISBL: ",A80," Qty") -> ISBL: Cable Tray, Supports Qty | C80: =CONCATENATE("OSBL: ",A80," Qty") -> OSBL: Cable Tray, Supports Qty | D80: ='Project Direct Metrics'!$B$105 -> <#dbvalue(7_Electrical_ISBL_Data;6;"KEYQUANT";)> | E80: ='Project Direct Metrics'!$C$105 -> <#dbvalue(7_Electrical_OSBL_Data;6;"KEYQUANT";)>
A81: Transformers, Switchgear | B81: =CONCATENATE("ISBL: ",A81," Qty") -> ISBL: Transformers, Switchgear Qty | C81: =CONCATENATE("OSBL: ",A81," Qty") -> OSBL: Transformers, Switchgear Qty | D81: ='Project Direct Metrics'!$B$106 -> <#dbvalue(7_Electrical_ISBL_Data;7;"KEYQUANT";)> | E81: ='Project Direct Metrics'!$C$106 -> <#dbvalue(7_Electrical_OSBL_Data;7;"KEYQUANT";)>
A82: Motor Control Center | B82: =CONCATENATE("ISBL: ",A82," Qty") -> ISBL: Motor Control Center Qty | C82: =CONCATENATE("OSBL: ",A82," Qty") -> OSBL: Motor Control Center Qty | D82: ='Project Direct Metrics'!$B$107 -> <#dbvalue(7_Electrical_ISBL_Data;8;"KEYQUANT";)> | E82: ='Project Direct Metrics'!$C$107 -> <#dbvalue(7_Electrical_OSBL_Data;8;"KEYQUANT";)>
A83: Other Electrical Equipment | B83: =CONCATENATE("ISBL: ",A83," Qty") -> ISBL: Other Electrical Equipment Qty | C83: =CONCATENATE("OSBL: ",A83," Qty") -> OSBL: Other Electrical Equipment Qty | D83: ='Project Direct Metrics'!$B$108 -> <#dbvalue(7_Electrical_ISBL_Data;9;"KEYQUANT";)> | E83: ='Project Direct Metrics'!$C$108 -> <#dbvalue(7_Electrical_OSBL_Data;9;"KEYQUANT";)>
A84: Other Electrical Items | B84: =CONCATENATE("ISBL: ",A84," Qty") -> ISBL: Other Electrical Items Qty | C84: =CONCATENATE("OSBL: ",A84," Qty") -> OSBL: Other Electrical Items Qty | D84: ='Project Direct Metrics'!$B$109 -> <#dbvalue(7_Electrical_ISBL_Data;10;"KEYQUANT";)> | E84: ='Project Direct Metrics'!$C$109 -> <#dbvalue(7_Electrical_OSBL_Data;10;"KEYQUANT";)>
A85: Above Ground Electrical | B85: =CONCATENATE("ISBL: ",A85," Qty") -> ISBL: Above Ground Electrical Qty | C85: =CONCATENATE("OSBL: ",A85," Qty") -> OSBL: Above Ground Electrical Qty | D85: ='Project Direct Metrics'!$B$115 -> <#dbvalue(7_ElectricalByInstall_ISBL_Data;0;"KEYQUANT";)> | E85: ='Project Direct Metrics'!$C$115 -> <#dbvalue(7_ElectricalByInstall_OSBL_Data;0;"KEYQUANT";)>
